# Blender 4.3.2
# www.blender.org
mtllib Water Pump.mtl
o pWaterPump_Blockout
v 0.070212 0.018870 -0.022813
v 0.059726 0.018870 -0.043394
v 0.043394 0.018870 -0.059726
v 0.022813 0.018870 -0.070212
v 0.000000 0.018870 -0.073825
v -0.022813 0.018870 -0.070212
v -0.043394 0.018870 -0.059726
v -0.059726 0.018870 -0.043394
v -0.070212 0.018870 -0.022813
v -0.073825 0.018870 -0.000000
v -0.070212 0.018870 0.022813
v -0.059726 0.018870 0.043393
v -0.043393 0.018870 0.059726
v -0.022813 0.018870 0.070212
v -0.000000 0.018870 0.073825
v 0.022813 0.018870 0.070212
v 0.043393 0.018870 0.059726
v 0.059726 0.018870 0.043393
v 0.070212 0.018870 0.022813
v 0.073825 0.018870 -0.000000
v 0.070212 0.957192 -0.022814
v 0.059726 0.957192 -0.043394
v 0.043394 0.957192 -0.059726
v 0.022813 0.957192 -0.070212
v 0.000000 0.957192 -0.073826
v -0.022813 0.957192 -0.070212
v -0.043394 0.957192 -0.059726
v -0.059726 0.957192 -0.043394
v -0.070212 0.957192 -0.022813
v -0.073825 0.957192 -0.000000
v -0.070212 0.957192 0.022813
v -0.059726 0.957192 0.043393
v -0.043393 0.957192 0.059726
v -0.022813 0.957192 0.070212
v -0.000000 0.957192 0.073825
v 0.022813 0.957192 0.070212
v 0.043393 0.957192 0.059726
v 0.059726 0.957192 0.043393
v 0.070212 0.957192 0.022813
v 0.073825 0.957192 -0.000000
v 0.000000 0.018870 -0.000000
v 0.021906 1.007431 -0.007118
v 0.018635 1.007431 -0.013539
v 0.013539 1.007431 -0.018635
v 0.007118 1.007431 -0.021906
v 0.000000 1.007431 -0.023034
v -0.007118 1.007431 -0.021906
v -0.013539 1.007431 -0.018635
v -0.018635 1.007431 -0.013539
v -0.021906 1.007431 -0.007118
v -0.023034 1.007431 -0.000000
v -0.021906 1.007431 0.007118
v -0.018635 1.007431 0.013539
v -0.013539 1.007431 0.018634
v -0.007118 1.007431 0.021906
v -0.000000 1.007431 0.023033
v 0.007118 1.007431 0.021906
v 0.013539 1.007431 0.018634
v 0.018635 1.007431 0.013539
v 0.021906 1.007431 0.007118
v 0.023034 1.007431 -0.000000
v 0.023034 1.022506 -0.000000
v 0.021906 1.022506 -0.007118
v 0.018635 1.022506 -0.013539
v 0.013539 1.022506 -0.018635
v 0.007118 1.022506 -0.021906
v 0.000000 1.022506 -0.023034
v -0.007118 1.022506 -0.021906
v -0.013539 1.022506 -0.018635
v -0.018635 1.022506 -0.013539
v -0.021906 1.022506 -0.007118
v -0.023034 1.022506 -0.000000
v -0.021906 1.022506 0.007118
v -0.018635 1.022506 0.013539
v -0.013539 1.022506 0.018634
v -0.007118 1.022506 0.021906
v -0.000000 1.022506 0.023033
v 0.007118 1.022506 0.021906
v 0.013539 1.022506 0.018634
v 0.018635 1.022506 0.013539
v 0.021906 1.022506 0.007118
v 0.023034 1.027300 -0.000000
v 0.021906 1.027300 -0.007118
v 0.018635 1.027300 -0.013539
v 0.013539 1.027300 -0.018635
v 0.007118 1.027300 -0.021906
v 0.000000 1.027300 -0.023034
v -0.007118 1.027300 -0.021906
v -0.013539 1.027300 -0.018635
v -0.018635 1.027300 -0.013539
v -0.021906 1.027300 -0.007118
v -0.023034 1.027300 -0.000000
v -0.021906 1.027300 0.007118
v -0.018635 1.027300 0.013539
v -0.013539 1.027300 0.018634
v -0.007118 1.027300 0.021906
v -0.000000 1.027300 0.023033
v 0.007118 1.027300 0.021906
v 0.013539 1.027300 0.018634
v 0.018635 1.027300 0.013539
v 0.021906 1.027300 0.007118
v 0.033361 1.022506 -0.000000
v 0.031728 1.022506 -0.010309
v 0.031728 1.027300 -0.010309
v 0.033361 1.027300 -0.000000
v 0.026990 1.022506 -0.019609
v 0.026990 1.027300 -0.019609
v 0.019609 1.022506 -0.026990
v 0.019609 1.027300 -0.026990
v 0.010309 1.022506 -0.031728
v 0.010309 1.027300 -0.031728
v 0.000000 1.022506 -0.033361
v 0.000000 1.027300 -0.033361
v -0.010309 1.022506 -0.031728
v -0.010309 1.027300 -0.031728
v -0.019609 1.022506 -0.026990
v -0.019609 1.027300 -0.026990
v -0.026990 1.022506 -0.019609
v -0.026990 1.027300 -0.019609
v -0.031728 1.022506 -0.010309
v -0.031728 1.027300 -0.010309
v -0.033361 1.022506 -0.000000
v -0.033361 1.027300 -0.000000
v -0.031728 1.022506 0.010309
v -0.031728 1.027300 0.010309
v -0.026990 1.022506 0.019609
v -0.026990 1.027300 0.019609
v -0.019609 1.022506 0.026989
v -0.019609 1.027300 0.026989
v -0.010309 1.022506 0.031728
v -0.010309 1.027300 0.031728
v -0.000000 1.022506 0.033361
v -0.000000 1.027300 0.033361
v 0.010309 1.022506 0.031728
v 0.010309 1.027300 0.031728
v 0.019609 1.022506 0.026989
v 0.019609 1.027300 0.026989
v 0.026990 1.022506 0.019609
v 0.026990 1.027300 0.019609
v 0.031728 1.022506 0.010309
v 0.031728 1.027300 0.010309
v 0.009530 1.027300 -0.000000
v 0.009063 1.027300 -0.002945
v 0.007710 1.027300 -0.005602
v 0.005601 1.027300 -0.007710
v 0.002945 1.027300 -0.009064
v -0.000000 1.027300 -0.009530
v -0.002945 1.027300 -0.009064
v -0.005601 1.027300 -0.007710
v -0.007710 1.027300 -0.005602
v -0.009063 1.027300 -0.002945
v -0.009530 1.027300 -0.000000
v -0.009063 1.027300 0.002945
v -0.007710 1.027300 0.005601
v -0.005601 1.027300 0.007710
v -0.002945 1.027300 0.009063
v -0.000000 1.027300 0.009530
v 0.002945 1.027300 0.009063
v 0.005601 1.027300 0.007710
v 0.007710 1.027300 0.005601
v 0.009063 1.027300 0.002945
v 0.009530 1.010160 -0.000000
v 0.009063 1.010160 -0.002945
v 0.007710 1.010160 -0.005602
v 0.005601 1.010160 -0.007710
v 0.002945 1.010160 -0.009064
v -0.000000 1.010160 -0.009530
v -0.002945 1.010160 -0.009064
v -0.005601 1.010160 -0.007710
v -0.007710 1.010160 -0.005602
v -0.009063 1.010160 -0.002945
v -0.009530 1.010160 -0.000000
v -0.009063 1.010160 0.002945
v -0.007710 1.010160 0.005601
v -0.005601 1.010160 0.007710
v -0.002945 1.010160 0.009063
v -0.000000 1.010160 0.009530
v 0.002945 1.010160 0.009063
v 0.005601 1.010160 0.007710
v 0.007710 1.010160 0.005601
v 0.009063 1.010160 0.002945
v 0.070212 0.596089 -0.022813
v 0.073825 0.596089 -0.000000
v 0.070212 0.596089 0.022813
v 0.059726 0.596089 0.043393
v 0.043393 0.596089 0.059726
v 0.022813 0.596089 0.070212
v -0.000000 0.596089 0.073825
v -0.022813 0.596089 0.070212
v -0.043393 0.596089 0.059726
v -0.059726 0.596089 0.043393
v -0.070212 0.596089 0.022813
v -0.073825 0.596089 -0.000000
v -0.070212 0.596089 -0.022813
v -0.059726 0.596089 -0.043394
v -0.043394 0.596089 -0.059726
v -0.022813 0.596089 -0.070212
v 0.000000 0.596089 -0.073826
v 0.022813 0.596089 -0.070212
v 0.043394 0.596089 -0.059726
v 0.059726 0.596089 -0.043394
v 0.077910 0.559516 -0.025315
v 0.081611 0.522964 -0.026517
v 0.077909 0.486413 -0.025314
v 0.081920 0.559516 -0.000000
v 0.085811 0.522964 -0.000000
v 0.081918 0.486413 -0.000000
v 0.077910 0.559516 0.025314
v 0.081611 0.522964 0.026517
v 0.077909 0.486413 0.025314
v 0.066274 0.559516 0.048151
v 0.069423 0.522964 0.050439
v 0.066273 0.486413 0.048150
v 0.048151 0.559516 0.066274
v 0.050439 0.522964 0.069423
v 0.048150 0.486413 0.066273
v 0.025315 0.559516 0.077910
v 0.026517 0.522964 0.081611
v 0.025314 0.486413 0.077909
v -0.000000 0.559516 0.081920
v -0.000000 0.522964 0.085811
v -0.000000 0.486413 0.081918
v -0.025315 0.559516 0.077910
v -0.026517 0.522964 0.081611
v -0.025314 0.486413 0.077909
v -0.048151 0.559516 0.066274
v -0.050439 0.522964 0.069423
v -0.048150 0.486413 0.066273
v -0.066274 0.559516 0.048151
v -0.069423 0.522964 0.050439
v -0.066273 0.486413 0.048150
v -0.077910 0.559516 0.025314
v -0.081611 0.522964 0.026517
v -0.077909 0.486413 0.025314
v -0.081920 0.559516 -0.000000
v -0.085811 0.522964 -0.000000
v -0.081918 0.486413 -0.000000
v -0.077910 0.559516 -0.025315
v -0.081611 0.522964 -0.026517
v -0.077909 0.486413 -0.025314
v -0.066275 0.559516 -0.048151
v -0.069423 0.522964 -0.050439
v -0.066273 0.486413 -0.048150
v -0.048151 0.559516 -0.066275
v -0.050439 0.522964 -0.069423
v -0.048150 0.486413 -0.066273
v -0.025315 0.559516 -0.077910
v -0.026517 0.522964 -0.081612
v -0.025314 0.486413 -0.077909
v -0.000000 0.559516 -0.081920
v -0.000000 0.522964 -0.085812
v -0.000000 0.486413 -0.081919
v 0.025315 0.559516 -0.077910
v 0.026517 0.522964 -0.081612
v 0.025314 0.486413 -0.077909
v 0.048151 0.559516 -0.066275
v 0.050439 0.522964 -0.069423
v 0.048150 0.486413 -0.066273
v 0.066275 0.559516 -0.048151
v 0.069423 0.522964 -0.050439
v 0.066273 0.486413 -0.048150
v 0.070212 0.445588 -0.022813
v 0.071089 0.454021 -0.023098
v 0.073825 0.445588 -0.000000
v 0.074748 0.454021 -0.000000
v 0.070212 0.445588 0.022813
v 0.071089 0.454021 0.023098
v 0.059726 0.445588 0.043393
v 0.060472 0.454021 0.043936
v 0.043393 0.445588 0.059726
v 0.043936 0.454021 0.060472
v 0.022813 0.445588 0.070212
v 0.023098 0.454021 0.071089
v -0.000000 0.445588 0.073825
v -0.000000 0.454021 0.074748
v -0.022813 0.445588 0.070212
v -0.023098 0.454021 0.071089
v -0.043393 0.445588 0.059726
v -0.043936 0.454021 0.060472
v -0.059726 0.445588 0.043393
v -0.060472 0.454021 0.043936
v -0.070212 0.445588 0.022813
v -0.071089 0.454021 0.023098
v -0.073825 0.445588 -0.000000
v -0.074748 0.454021 -0.000000
v -0.070212 0.445588 -0.022813
v -0.071089 0.454021 -0.023098
v -0.059726 0.445588 -0.043394
v -0.060472 0.454021 -0.043936
v -0.043394 0.445588 -0.059726
v -0.043936 0.454021 -0.060472
v -0.022813 0.445588 -0.070212
v -0.023098 0.454021 -0.071090
v 0.000000 0.445588 -0.073826
v -0.000000 0.454021 -0.074748
v 0.022813 0.445588 -0.070212
v 0.023098 0.454021 -0.071090
v 0.043394 0.445588 -0.059726
v 0.043936 0.454021 -0.060472
v 0.059726 0.445588 -0.043394
v 0.060472 0.454021 -0.043936
v 0.081152 0.446949 -0.026368
v 0.081504 0.450204 -0.026482
v 0.085699 0.450204 -0.000000
v 0.085329 0.446949 -0.000000
v 0.069032 0.446949 -0.050155
v 0.069332 0.450204 -0.050373
v 0.081504 0.450204 0.026482
v 0.081152 0.446949 0.026368
v 0.069332 0.450204 0.050372
v 0.069032 0.446949 0.050155
v 0.050372 0.450204 0.069332
v 0.050155 0.446949 0.069032
v 0.026482 0.450204 0.081504
v 0.026368 0.446949 0.081152
v -0.000000 0.450204 0.085699
v -0.000000 0.446949 0.085329
v -0.026482 0.450204 0.081504
v -0.026368 0.446949 0.081152
v -0.050372 0.450204 0.069332
v -0.050155 0.446949 0.069032
v -0.069332 0.450204 0.050372
v -0.069032 0.446949 0.050155
v -0.081504 0.450204 0.026482
v -0.081152 0.446949 0.026368
v -0.085699 0.450204 -0.000000
v -0.085329 0.446949 -0.000000
v -0.081504 0.450204 -0.026482
v -0.081152 0.446949 -0.026368
v -0.069332 0.450204 -0.050373
v -0.069032 0.446949 -0.050155
v -0.050372 0.450204 -0.069332
v -0.050155 0.446949 -0.069033
v -0.026482 0.450204 -0.081504
v -0.026368 0.446949 -0.081153
v -0.000000 0.450204 -0.085699
v 0.000000 0.446949 -0.085329
v 0.026482 0.450204 -0.081504
v 0.026368 0.446949 -0.081153
v 0.050372 0.450204 -0.069332
v 0.050155 0.446949 -0.069033
v 0.059726 0.098834 -0.043394
v 0.070212 0.098834 -0.022813
v 0.073825 0.098834 -0.000000
v 0.070212 0.098834 0.022813
v 0.059726 0.098834 0.043393
v 0.043393 0.098834 0.059726
v 0.022813 0.098834 0.070212
v -0.000000 0.098834 0.073825
v -0.022813 0.098834 0.070212
v -0.043393 0.098834 0.059726
v -0.059726 0.098834 0.043393
v -0.070212 0.098834 0.022813
v -0.073825 0.098834 -0.000000
v -0.070212 0.098834 -0.022813
v -0.059726 0.098834 -0.043394
v -0.043394 0.098834 -0.059726
v -0.022813 0.098834 -0.070212
v 0.000000 0.098834 -0.073826
v 0.022813 0.098834 -0.070212
v 0.043394 0.098834 -0.059726
v 0.149914 0.018870 -0.048710
v 0.127524 0.018870 -0.092652
v 0.127524 0.098834 -0.092652
v 0.149914 0.098834 -0.048710
v 0.092652 0.018870 -0.127524
v 0.092652 0.098834 -0.127524
v 0.048710 0.018870 -0.149914
v 0.048710 0.098834 -0.149914
v 0.000000 0.018870 -0.157629
v 0.000000 0.098834 -0.157629
v -0.048710 0.018870 -0.149914
v -0.048710 0.098834 -0.149914
v -0.092652 0.018870 -0.127524
v -0.092652 0.098834 -0.127524
v -0.127524 0.018870 -0.092652
v -0.127524 0.098834 -0.092652
v -0.149914 0.018870 -0.048710
v -0.149914 0.098834 -0.048710
v -0.157629 0.018870 -0.000000
v -0.157629 0.098834 -0.000000
v -0.149914 0.018870 0.048710
v -0.149914 0.098834 0.048710
v -0.127524 0.018870 0.092652
v -0.127524 0.098834 0.092652
v -0.092652 0.018870 0.127524
v -0.092652 0.098834 0.127524
v -0.048710 0.018870 0.149914
v -0.048710 0.098834 0.149914
v -0.000000 0.018870 0.157629
v -0.000000 0.098834 0.157629
v 0.048710 0.018870 0.149914
v 0.048710 0.098834 0.149914
v 0.092652 0.018870 0.127524
v 0.092652 0.098834 0.127524
v 0.127524 0.018870 0.092652
v 0.127524 0.098834 0.092652
v 0.149914 0.018870 0.048710
v 0.149914 0.098834 0.048710
v 0.157629 0.018870 0.000000
v 0.157629 0.098834 0.000000
v 0.070212 0.950918 -0.022814
v 0.070212 0.949677 -0.022814
v 0.073825 0.949677 -0.000000
v 0.073825 0.950918 -0.000000
v 0.070212 0.949677 0.022813
v 0.070212 0.950918 0.022813
v 0.059726 0.949677 0.043393
v 0.059726 0.950918 0.043393
v 0.043393 0.949677 0.059726
v 0.043393 0.950918 0.059726
v 0.022813 0.949677 0.070212
v 0.022813 0.950918 0.070212
v -0.000000 0.949677 0.073825
v -0.000000 0.950918 0.073825
v -0.022813 0.949677 0.070212
v -0.022813 0.950918 0.070212
v -0.043393 0.949677 0.059726
v -0.043393 0.950918 0.059726
v -0.059726 0.949677 0.043393
v -0.059726 0.950918 0.043393
v -0.070212 0.949677 0.022813
v -0.070212 0.950918 0.022813
v -0.073825 0.949677 -0.000000
v -0.073825 0.950918 -0.000000
v -0.070212 0.949677 -0.022813
v -0.070212 0.950918 -0.022813
v -0.059726 0.949677 -0.043394
v -0.059726 0.950918 -0.043394
v -0.043394 0.949677 -0.059726
v -0.043394 0.950918 -0.059726
v -0.022813 0.949677 -0.070212
v -0.022813 0.950918 -0.070212
v 0.000000 0.949677 -0.073826
v 0.000000 0.950918 -0.073826
v 0.022813 0.949677 -0.070212
v 0.022813 0.950918 -0.070212
v 0.043394 0.949677 -0.059726
v 0.043394 0.950918 -0.059726
v 0.059726 0.949677 -0.043394
v 0.059726 0.950918 -0.043394
v 0.070212 0.943497 -0.022814
v 0.073825 0.943497 -0.000000
v 0.070212 0.943497 0.022813
v 0.059726 0.943497 0.043393
v 0.043393 0.943497 0.059726
v 0.022813 0.943497 0.070212
v -0.000000 0.943497 0.073825
v -0.022813 0.943497 0.070212
v -0.043393 0.943497 0.059726
v -0.059726 0.943497 0.043393
v -0.070212 0.943497 0.022813
v -0.073825 0.943497 -0.000000
v -0.070212 0.943497 -0.022813
v -0.059726 0.943497 -0.043394
v -0.043394 0.943497 -0.059726
v -0.022813 0.943497 -0.070212
v 0.000000 0.943497 -0.073826
v 0.022813 0.943497 -0.070212
v 0.043394 0.943497 -0.059726
v 0.059726 0.943497 -0.043394
v 0.073077 0.950918 -0.023744
v 0.076838 0.950918 -0.000000
v 0.073077 0.957192 -0.023744
v 0.076838 0.957192 -0.000000
v 0.073077 0.950918 0.023744
v 0.073077 0.957192 0.023744
v 0.062163 0.950918 0.045164
v 0.062163 0.957192 0.045164
v 0.045164 0.950918 0.062163
v 0.045164 0.957192 0.062163
v 0.023744 0.950918 0.073077
v 0.023744 0.957192 0.073077
v -0.000000 0.950918 0.076837
v -0.000000 0.957192 0.076837
v -0.023744 0.950918 0.073077
v -0.023744 0.957192 0.073077
v -0.045164 0.950918 0.062163
v -0.045164 0.957192 0.062163
v -0.062163 0.950918 0.045164
v -0.062163 0.957192 0.045164
v -0.073077 0.950918 0.023744
v -0.073077 0.957192 0.023744
v -0.076838 0.950918 -0.000000
v -0.076838 0.957192 -0.000000
v -0.073077 0.950918 -0.023744
v -0.073077 0.957192 -0.023744
v -0.062163 0.950918 -0.045164
v -0.062163 0.957192 -0.045164
v -0.045164 0.950918 -0.062163
v -0.045164 0.957192 -0.062163
v -0.023744 0.950918 -0.073077
v -0.023744 0.957192 -0.073077
v 0.000000 0.950918 -0.076838
v 0.000000 0.957192 -0.076838
v 0.023744 0.950918 -0.073077
v 0.023744 0.957192 -0.073077
v 0.045164 0.950918 -0.062163
v 0.045164 0.957192 -0.062163
v 0.062163 0.950918 -0.045164
v 0.062163 0.957192 -0.045164
v 0.073077 0.943497 -0.023744
v 0.076838 0.943497 -0.000000
v 0.073077 0.949677 -0.023744
v 0.076838 0.949677 -0.000000
v 0.073077 0.943497 0.023744
v 0.073077 0.949677 0.023744
v 0.062163 0.943497 0.045164
v 0.062163 0.949677 0.045164
v 0.045164 0.943497 0.062163
v 0.045164 0.949677 0.062163
v 0.023744 0.943497 0.073077
v 0.023744 0.949677 0.073077
v -0.000000 0.943497 0.076837
v -0.000000 0.949677 0.076837
v -0.023744 0.943497 0.073077
v -0.023744 0.949677 0.073077
v -0.045164 0.943497 0.062163
v -0.045164 0.949677 0.062163
v -0.062163 0.943497 0.045164
v -0.062163 0.949677 0.045164
v -0.073077 0.943497 0.023744
v -0.073077 0.949677 0.023744
v -0.076838 0.943497 -0.000000
v -0.076838 0.949677 -0.000000
v -0.073077 0.943497 -0.023744
v -0.073077 0.949677 -0.023744
v -0.062163 0.943497 -0.045164
v -0.062163 0.949677 -0.045164
v -0.045164 0.943497 -0.062163
v -0.045164 0.949677 -0.062163
v -0.023744 0.943497 -0.073077
v -0.023744 0.949677 -0.073077
v 0.000000 0.943497 -0.076838
v 0.000000 0.949677 -0.076838
v 0.023744 0.943497 -0.073077
v 0.023744 0.949677 -0.073077
v 0.045164 0.943497 -0.062163
v 0.045164 0.949677 -0.062163
v 0.062163 0.943497 -0.045164
v 0.062163 0.949677 -0.045164
v 0.014978 0.565067 -0.014982
v 0.028489 0.558182 -0.014982
v 0.039212 0.547459 -0.014982
v 0.046097 0.533948 -0.014982
v 0.048469 0.518970 -0.014982
v 0.046097 0.503992 -0.014982
v 0.039212 0.490481 -0.014982
v 0.028489 0.479758 -0.014982
v 0.014978 0.472873 -0.014982
v 0.000000 0.470501 -0.014982
v -0.014978 0.472873 -0.014982
v -0.028489 0.479758 -0.014982
v -0.039212 0.490481 -0.014982
v -0.046097 0.503992 -0.014982
v -0.048469 0.518970 -0.014982
v -0.046097 0.533948 -0.014982
v -0.039212 0.547459 -0.014982
v -0.028489 0.558182 -0.014982
v -0.014978 0.565067 -0.014982
v 0.000000 0.567439 -0.014982
v 0.014978 0.565067 -0.111920
v 0.028489 0.558182 -0.111920
v 0.039212 0.547459 -0.111920
v 0.046097 0.533948 -0.111920
v 0.048469 0.518970 -0.111920
v 0.046097 0.503992 -0.111920
v 0.039212 0.490481 -0.111920
v 0.028489 0.479758 -0.111920
v 0.014978 0.472873 -0.111920
v 0.000000 0.470501 -0.111920
v -0.014978 0.472873 -0.111920
v -0.028489 0.479758 -0.111920
v -0.039212 0.490481 -0.111920
v -0.046097 0.503992 -0.111920
v -0.048469 0.518970 -0.111920
v -0.046097 0.533948 -0.111920
v -0.039212 0.547459 -0.111920
v -0.028489 0.558182 -0.111920
v -0.014978 0.565067 -0.111920
v 0.000000 0.567439 -0.111920
v 0.000000 0.518970 -0.014982
v 0.010756 0.552073 -0.111920
v 0.020459 0.547129 -0.111920
v 0.028159 0.539429 -0.111920
v 0.033103 0.529726 -0.111920
v 0.034807 0.518970 -0.111920
v 0.033103 0.508214 -0.111920
v 0.028159 0.498511 -0.111920
v 0.020459 0.490811 -0.111920
v 0.010756 0.485867 -0.111920
v 0.000000 0.484163 -0.111920
v -0.010756 0.485867 -0.111920
v -0.020459 0.490811 -0.111920
v -0.028159 0.498511 -0.111920
v -0.033103 0.508214 -0.111920
v -0.034807 0.518970 -0.111920
v -0.033103 0.529726 -0.111920
v -0.028159 0.539429 -0.111920
v -0.020459 0.547129 -0.111920
v -0.010756 0.552073 -0.111920
v 0.000000 0.553777 -0.111920
v 0.010756 0.552073 -0.129133
v 0.020459 0.547129 -0.129133
v 0.028159 0.539429 -0.129133
v 0.033103 0.529726 -0.129133
v 0.034807 0.518970 -0.129133
v 0.033103 0.508214 -0.129133
v 0.028159 0.498511 -0.129133
v 0.020459 0.490811 -0.129133
v 0.010756 0.485867 -0.129133
v 0.000000 0.484163 -0.129133
v -0.010756 0.485867 -0.129133
v -0.020459 0.490811 -0.129133
v -0.028159 0.498511 -0.129133
v -0.033103 0.508214 -0.129133
v -0.034807 0.518970 -0.129133
v -0.033103 0.529726 -0.129133
v -0.028159 0.539429 -0.129133
v -0.020459 0.547129 -0.129133
v -0.010756 0.552073 -0.129133
v 0.000000 0.553777 -0.129133
v 0.006767 0.539796 -0.129133
v 0.012871 0.536685 -0.129133
v 0.017715 0.531841 -0.129133
v 0.020825 0.525737 -0.129133
v 0.021897 0.518970 -0.129133
v 0.020825 0.512203 -0.129133
v 0.017715 0.506099 -0.129133
v 0.012871 0.501255 -0.129133
v 0.006767 0.498144 -0.129133
v 0.000000 0.497073 -0.129133
v -0.006767 0.498144 -0.129133
v -0.012871 0.501255 -0.129133
v -0.017715 0.506099 -0.129133
v -0.020825 0.512203 -0.129133
v -0.021897 0.518970 -0.129133
v -0.020825 0.525737 -0.129133
v -0.017715 0.531841 -0.129133
v -0.012871 0.536685 -0.129133
v -0.006767 0.539796 -0.129133
v 0.000000 0.540867 -0.129133
v 0.006767 0.539796 -0.126743
v 0.012871 0.536685 -0.126743
v 0.000000 0.518970 -0.126743
v 0.017715 0.531841 -0.126743
v 0.020825 0.525737 -0.126743
v 0.021897 0.518970 -0.126743
v 0.020825 0.512203 -0.126743
v 0.017715 0.506099 -0.126743
v 0.012871 0.501255 -0.126743
v 0.006767 0.498144 -0.126743
v 0.000000 0.497073 -0.126743
v -0.006767 0.498144 -0.126743
v -0.012871 0.501255 -0.126743
v -0.017715 0.506099 -0.126743
v -0.020825 0.512203 -0.126743
v -0.021897 0.518970 -0.126743
v -0.020825 0.525737 -0.126743
v -0.017715 0.531841 -0.126743
v -0.012871 0.536685 -0.126743
v -0.006767 0.539796 -0.126743
v 0.000000 0.540867 -0.126743
v -0.028737 1.205761 0.018640
v 0.024033 1.199628 0.018670
v -0.024123 1.244425 0.017530
v 0.028647 1.238292 0.017561
v -0.024030 1.245392 -0.018661
v 0.028740 1.239259 -0.018630
v -0.028644 1.206728 -0.017551
v 0.024126 1.200595 -0.017521
v -0.028225 1.210225 -0.014185
v -0.028300 1.209444 0.015067
v -0.024543 1.240929 0.014164
v -0.024468 1.241711 -0.015088
v -0.053551 1.203461 -0.014356
v -0.053551 1.203461 0.014355
v -0.060778 1.234637 0.014355
v -0.060778 1.234637 -0.014356
v -0.117162 1.166358 -0.011962
v -0.117162 1.166358 0.011962
v -0.139360 1.183260 0.011962
v -0.139360 1.183260 -0.011962
v -0.117162 0.923270 -0.012464
v -0.117162 0.923270 0.012464
v -0.139360 0.923270 0.012464
v -0.139360 0.923270 -0.012464
v -0.228078 0.660388 -0.012464
v -0.228078 0.660388 0.012464
v -0.246338 0.673795 0.012464
v -0.246338 0.673795 -0.012464
v -0.394522 0.434566 -0.006108
v -0.394522 0.434566 0.006108
v -0.403470 0.441136 0.006108
v -0.403470 0.441136 -0.006108
v -0.303848 0.536757 -0.010661
v -0.319467 0.548224 -0.010661
v -0.319467 0.548224 0.010661
v -0.303848 0.536757 0.010661
v -0.103211 1.066802 -0.012213
v -0.125409 1.066802 -0.012213
v -0.125409 1.066802 0.012213
v -0.103211 1.066802 0.012213
v -0.002352 1.202695 0.019044
v 0.002262 1.241359 0.017912
v 0.002355 1.242326 -0.019035
v -0.002259 1.203662 -0.017902
v -0.164676 0.802268 -0.012464
v -0.185133 0.808972 -0.012464
v -0.185133 0.808972 0.012464
v -0.164676 0.802268 0.012464
v 0.119275 0.658791 -0.038755
v 0.101462 0.658791 -0.073716
v 0.073716 0.658791 -0.101462
v 0.038755 0.658791 -0.119276
v 0.000000 0.658791 -0.125414
v -0.038755 0.658791 -0.119276
v -0.073716 0.658791 -0.101462
v -0.101462 0.658791 -0.073716
v -0.119275 0.658791 -0.038755
v -0.125414 0.658791 -0.000000
v -0.119275 0.658791 0.038755
v -0.101462 0.658791 0.073716
v -0.073716 0.658791 0.101462
v -0.038755 0.658791 0.119275
v -0.000000 0.658791 0.125413
v 0.038755 0.658791 0.119275
v 0.073716 0.658791 0.101462
v 0.101462 0.658791 0.073716
v 0.119275 0.658791 0.038755
v 0.125414 0.658791 -0.000000
v 0.119275 0.718251 -0.038755
v 0.101462 0.718251 -0.073716
v 0.073716 0.718251 -0.101462
v 0.038755 0.718251 -0.119276
v 0.000000 0.718251 -0.125414
v -0.038755 0.718251 -0.119276
v -0.073716 0.718251 -0.101462
v -0.101462 0.718251 -0.073716
v -0.119275 0.718251 -0.038755
v -0.125414 0.718251 -0.000000
v -0.119275 0.718251 0.038755
v -0.101462 0.718251 0.073716
v -0.073716 0.718251 0.101462
v -0.038755 0.718251 0.119275
v -0.000000 0.718251 0.125413
v 0.038755 0.718251 0.119275
v 0.073716 0.718251 0.101462
v 0.101462 0.718251 0.073716
v 0.119275 0.718251 0.038755
v 0.125414 0.718251 -0.000000
v 0.000000 0.658791 -0.000000
v 0.000000 0.718251 -0.000000
v 0.027223 0.675314 -0.152085
v 0.000000 0.675314 -0.156396
v 0.000000 0.701728 -0.156396
v 0.027223 0.701728 -0.152085
v -0.027223 0.675314 -0.152085
v -0.027223 0.701728 -0.152085
v -0.152084 0.675314 -0.027223
v -0.156396 0.675314 -0.000000
v -0.156396 0.701728 -0.000000
v -0.152084 0.701728 -0.027223
v -0.152084 0.675314 0.027223
v -0.152084 0.701728 0.027223
v -0.027223 0.675314 0.152084
v 0.000000 0.675314 0.156396
v 0.000000 0.701728 0.156396
v -0.027223 0.701728 0.152084
v 0.027223 0.675314 0.152084
v 0.027223 0.701728 0.152084
v 0.152084 0.675314 0.027223
v 0.156396 0.675314 -0.000000
v 0.156396 0.701728 -0.000000
v 0.152084 0.701728 0.027223
v 0.152084 0.675314 -0.027223
v 0.152084 0.701728 -0.027223
v 0.119275 0.690713 -0.038755
v 0.119275 0.686329 -0.038755
v 0.152084 0.686329 -0.027223
v 0.152084 0.690713 -0.027223
v 0.156396 0.686329 -0.000000
v 0.156396 0.690713 -0.000000
v 0.152084 0.686329 0.027223
v 0.152084 0.690713 0.027223
v 0.119275 0.686329 0.038755
v 0.119275 0.690713 0.038755
v 0.101462 0.686329 0.073716
v 0.101462 0.690713 0.073716
v 0.073716 0.686329 0.101462
v 0.073716 0.690713 0.101462
v 0.038755 0.686329 0.119275
v 0.038755 0.690713 0.119275
v 0.027223 0.686329 0.152084
v 0.027223 0.690713 0.152084
v 0.000000 0.686329 0.156396
v 0.000000 0.690713 0.156396
v -0.027223 0.686329 0.152084
v -0.027223 0.690713 0.152084
v -0.038755 0.686329 0.119275
v -0.038755 0.690713 0.119275
v -0.073716 0.686329 0.101462
v -0.073716 0.690713 0.101462
v -0.101462 0.686329 0.073716
v -0.101462 0.690713 0.073716
v -0.119275 0.686329 0.038755
v -0.119275 0.690713 0.038755
v -0.152084 0.686329 0.027223
v -0.152084 0.690713 0.027223
v -0.156396 0.686329 -0.000000
v -0.156396 0.690713 -0.000000
v -0.152084 0.686329 -0.027223
v -0.152084 0.690713 -0.027223
v -0.119275 0.686329 -0.038755
v -0.119275 0.690713 -0.038755
v -0.101462 0.686329 -0.073716
v -0.101462 0.690713 -0.073716
v -0.073716 0.686329 -0.101462
v -0.073716 0.690713 -0.101462
v -0.038755 0.686329 -0.119276
v -0.038755 0.690713 -0.119276
v -0.027223 0.686329 -0.152085
v -0.027223 0.690713 -0.152085
v 0.000000 0.686329 -0.156396
v 0.000000 0.690713 -0.156396
v 0.027223 0.686329 -0.152085
v 0.027223 0.690713 -0.152085
v 0.038755 0.686329 -0.119276
v 0.038755 0.690713 -0.119276
v 0.073716 0.686329 -0.101462
v 0.073716 0.690713 -0.101462
v 0.101462 0.686329 -0.073716
v 0.101462 0.690713 -0.073716
v 0.110270 0.690713 -0.028462
v 0.110270 0.686329 -0.028462
v 0.091061 0.686329 -0.066160
v 0.091061 0.690713 -0.066160
v 0.140728 0.690713 -0.017756
v 0.140728 0.686329 -0.017756
v 0.143540 0.690713 -0.000000
v 0.143540 0.686329 -0.000000
v 0.140728 0.690713 0.017756
v 0.140728 0.686329 0.017756
v 0.110270 0.690713 0.028461
v 0.110270 0.686329 0.028461
v 0.091061 0.690713 0.066160
v 0.091061 0.686329 0.066160
v 0.066160 0.690713 0.091061
v 0.066160 0.686329 0.091061
v 0.028462 0.690713 0.110269
v 0.028462 0.686329 0.110269
v 0.017756 0.690713 0.140728
v 0.017756 0.686329 0.140728
v 0.000000 0.690713 0.143540
v 0.000000 0.686329 0.143540
v -0.017756 0.690713 0.140728
v -0.017756 0.686329 0.140728
v -0.028462 0.690713 0.110270
v -0.028462 0.686329 0.110270
v -0.066160 0.690713 0.091061
v -0.066160 0.686329 0.091061
v -0.091061 0.690713 0.066160
v -0.091061 0.686329 0.066160
v -0.110270 0.690713 0.028461
v -0.110270 0.686329 0.028461
v -0.140728 0.690713 0.017756
v -0.140728 0.686329 0.017756
v -0.143540 0.690713 -0.000000
v -0.143540 0.686329 -0.000000
v -0.140728 0.690713 -0.017756
v -0.140728 0.686329 -0.017756
v -0.110270 0.690713 -0.028462
v -0.110270 0.686329 -0.028462
v -0.091061 0.690713 -0.066160
v -0.091061 0.686329 -0.066160
v -0.066160 0.690713 -0.091061
v -0.066160 0.686329 -0.091061
v -0.028462 0.690713 -0.110270
v -0.028462 0.686329 -0.110270
v -0.017756 0.690713 -0.140728
v -0.017756 0.686329 -0.140728
v 0.000000 0.690713 -0.143541
v 0.000000 0.686329 -0.143541
v 0.017756 0.690713 -0.140728
v 0.017756 0.686329 -0.140728
v 0.028462 0.690713 -0.110270
v 0.028462 0.686329 -0.110270
v 0.066160 0.690713 -0.091062
v 0.066160 0.686329 -0.091062
v 0.119275 0.100097 -0.038755
v 0.101462 0.100097 -0.073716
v 0.073716 0.100097 -0.101462
v 0.038755 0.100097 -0.119275
v 0.000000 0.100097 -0.125414
v -0.038755 0.100097 -0.119275
v -0.073716 0.100097 -0.101462
v -0.101462 0.100097 -0.073716
v -0.119275 0.100097 -0.038755
v -0.125414 0.100097 -0.000000
v -0.119275 0.100097 0.038755
v -0.101462 0.100097 0.073716
v -0.073716 0.100097 0.101462
v -0.038755 0.100097 0.119275
v -0.000000 0.100097 0.125414
v 0.038755 0.100097 0.119275
v 0.073716 0.100097 0.101462
v 0.101462 0.100097 0.073716
v 0.119275 0.100097 0.038755
v 0.125414 0.100097 -0.000000
v 0.119275 0.159556 -0.038755
v 0.101462 0.159556 -0.073716
v 0.073716 0.159556 -0.101462
v 0.038755 0.159556 -0.119275
v 0.000000 0.159556 -0.125414
v -0.038755 0.159556 -0.119275
v -0.073716 0.159556 -0.101462
v -0.101462 0.159556 -0.073716
v -0.119275 0.159556 -0.038755
v -0.125414 0.159556 -0.000000
v -0.119275 0.159556 0.038755
v -0.101462 0.159556 0.073716
v -0.073716 0.159556 0.101462
v -0.038755 0.159556 0.119275
v -0.000000 0.159556 0.125414
v 0.038755 0.159556 0.119275
v 0.073716 0.159556 0.101462
v 0.101462 0.159556 0.073716
v 0.119275 0.159556 0.038755
v 0.125414 0.159556 -0.000000
v 0.000000 0.100097 -0.000000
v 0.000000 0.159556 -0.000000
v 0.027223 0.116619 -0.152084
v 0.000000 0.116619 -0.156396
v 0.000000 0.143033 -0.156396
v 0.027223 0.143033 -0.152084
v -0.027223 0.116619 -0.152084
v -0.027223 0.143033 -0.152084
v -0.152084 0.116619 -0.027223
v -0.156396 0.116619 -0.000000
v -0.156396 0.143033 -0.000000
v -0.152084 0.143033 -0.027223
v -0.152084 0.116619 0.027223
v -0.152084 0.143033 0.027223
v -0.027223 0.116619 0.152084
v 0.000000 0.116619 0.156396
v 0.000000 0.143033 0.156396
v -0.027223 0.143033 0.152084
v 0.027223 0.116619 0.152084
v 0.027223 0.143033 0.152084
v 0.152084 0.116619 0.027223
v 0.156396 0.116619 0.000000
v 0.156396 0.143033 0.000000
v 0.152084 0.143033 0.027223
v 0.152084 0.116619 -0.027223
v 0.152084 0.143033 -0.027223
v 0.119275 0.132018 -0.038755
v 0.119275 0.127634 -0.038755
v 0.152084 0.127634 -0.027223
v 0.152084 0.132018 -0.027223
v 0.156396 0.127634 0.000000
v 0.156396 0.132018 0.000000
v 0.152084 0.127634 0.027223
v 0.152084 0.132018 0.027223
v 0.119275 0.127634 0.038755
v 0.119275 0.132018 0.038755
v 0.101462 0.127634 0.073716
v 0.101462 0.132018 0.073716
v 0.073716 0.127634 0.101462
v 0.073716 0.132019 0.101462
v 0.038755 0.127634 0.119275
v 0.038755 0.132019 0.119275
v 0.027223 0.127634 0.152084
v 0.027223 0.132018 0.152084
v 0.000000 0.127634 0.156396
v 0.000000 0.132018 0.156396
v -0.027223 0.127634 0.152084
v -0.027223 0.132018 0.152084
v -0.038755 0.127634 0.119275
v -0.038755 0.132019 0.119275
v -0.073716 0.127634 0.101462
v -0.073716 0.132019 0.101462
v -0.101462 0.127634 0.073716
v -0.101462 0.132018 0.073716
v -0.119275 0.127634 0.038755
v -0.119275 0.132018 0.038755
v -0.152084 0.127634 0.027223
v -0.152084 0.132018 0.027223
v -0.156396 0.127634 -0.000000
v -0.156396 0.132018 -0.000000
v -0.152084 0.127634 -0.027223
v -0.152084 0.132018 -0.027223
v -0.119275 0.127634 -0.038755
v -0.119275 0.132018 -0.038755
v -0.101462 0.127634 -0.073716
v -0.101462 0.132018 -0.073716
v -0.073716 0.127634 -0.101462
v -0.073716 0.132018 -0.101462
v -0.038755 0.127634 -0.119275
v -0.038755 0.132018 -0.119275
v -0.027223 0.127634 -0.152084
v -0.027223 0.132018 -0.152084
v 0.000000 0.127634 -0.156396
v 0.000000 0.132018 -0.156396
v 0.027223 0.127634 -0.152084
v 0.027223 0.132018 -0.152084
v 0.038755 0.127634 -0.119275
v 0.038755 0.132018 -0.119275
v 0.073716 0.127634 -0.101462
v 0.073716 0.132018 -0.101462
v 0.101462 0.127634 -0.073716
v 0.101462 0.132018 -0.073716
v 0.110270 0.132018 -0.028462
v 0.110270 0.127634 -0.028462
v 0.091061 0.127634 -0.066160
v 0.091061 0.132018 -0.066160
v 0.140728 0.132018 -0.017756
v 0.140728 0.127634 -0.017756
v 0.143540 0.132018 0.000000
v 0.143540 0.127634 0.000000
v 0.140728 0.132018 0.017756
v 0.140728 0.127634 0.017756
v 0.110270 0.132018 0.028462
v 0.110270 0.127634 0.028462
v 0.091061 0.132018 0.066160
v 0.091061 0.127634 0.066160
v 0.066160 0.132018 0.091061
v 0.066160 0.127634 0.091061
v 0.028462 0.132019 0.110270
v 0.028462 0.127634 0.110270
v 0.017756 0.132018 0.140728
v 0.017756 0.127634 0.140728
v 0.000000 0.132018 0.143540
v 0.000000 0.127634 0.143540
v -0.017756 0.132018 0.140728
v -0.017756 0.127634 0.140728
v -0.028462 0.132019 0.110270
v -0.028462 0.127634 0.110270
v -0.066160 0.132018 0.091061
v -0.066160 0.127634 0.091061
v -0.091061 0.132018 0.066160
v -0.091061 0.127634 0.066160
v -0.110270 0.132018 0.028462
v -0.110270 0.127634 0.028462
v -0.140728 0.132018 0.017756
v -0.140728 0.127634 0.017756
v -0.143540 0.132018 -0.000000
v -0.143540 0.127634 -0.000000
v -0.140728 0.132018 -0.017756
v -0.140728 0.127634 -0.017756
v -0.110270 0.132018 -0.028462
v -0.110270 0.127634 -0.028462
v -0.091061 0.132018 -0.066160
v -0.091061 0.127634 -0.066160
v -0.066160 0.132018 -0.091061
v -0.066160 0.127634 -0.091061
v -0.028462 0.132018 -0.110270
v -0.028462 0.127634 -0.110270
v -0.017756 0.132018 -0.140728
v -0.017756 0.127634 -0.140728
v 0.000000 0.132018 -0.143541
v 0.000000 0.127634 -0.143541
v 0.017756 0.132018 -0.140728
v 0.017756 0.127634 -0.140728
v 0.028462 0.132018 -0.110270
v 0.028462 0.127634 -0.110270
v 0.066160 0.132018 -0.091061
v 0.066160 0.127634 -0.091061
v -0.119763 0.928207 0.009357
v -0.066636 0.928207 0.009357
v -0.119763 0.948941 0.009357
v -0.066636 0.948941 0.009357
v -0.119763 0.948941 -0.009358
v -0.066636 0.948941 -0.009358
v -0.119763 0.928207 -0.009358
v -0.066636 0.928207 -0.009358
v 0.007116 1.016370 -0.002312
v 0.006053 1.016370 -0.004398
v 0.004398 1.016370 -0.006053
v 0.002312 1.016370 -0.007116
v 0.000000 1.016370 -0.007482
v -0.002312 1.016370 -0.007116
v -0.004398 1.016370 -0.006053
v -0.006053 1.016370 -0.004398
v -0.007116 1.016370 -0.002312
v -0.007482 1.016370 -0.000000
v -0.007116 1.016370 0.002312
v -0.006053 1.016370 0.004398
v -0.004398 1.016370 0.006053
v -0.002312 1.016370 0.007115
v -0.000000 1.016370 0.007482
v 0.002312 1.016370 0.007115
v 0.004398 1.016370 0.006053
v 0.006053 1.016370 0.004398
v 0.007116 1.016370 0.002312
v 0.007482 1.016370 -0.000000
v 0.007116 1.176764 -0.002312
v 0.006053 1.176764 -0.004398
v 0.004398 1.176764 -0.006053
v 0.002312 1.176764 -0.007116
v 0.000000 1.176764 -0.007482
v -0.002312 1.176764 -0.007116
v -0.004398 1.176764 -0.006053
v -0.006053 1.176764 -0.004398
v -0.007116 1.176764 -0.002312
v -0.007482 1.176764 -0.000000
v -0.007116 1.176764 0.002312
v -0.006053 1.176764 0.004398
v -0.004398 1.176764 0.006053
v -0.002312 1.176764 0.007115
v -0.000000 1.176764 0.007482
v 0.002312 1.176764 0.007115
v 0.004398 1.176764 0.006053
v 0.006053 1.176764 0.004398
v 0.007116 1.176764 0.002312
v 0.007482 1.176764 -0.000000
v 0.000000 1.016370 -0.000000
v 0.011210 1.176764 -0.003643
v 0.009535 1.176764 -0.006928
v 0.009535 1.177993 -0.006928
v 0.011210 1.177993 -0.003643
v 0.006928 1.176764 -0.009536
v 0.006928 1.177993 -0.009536
v 0.003642 1.176764 -0.011210
v 0.003642 1.177993 -0.011210
v 0.000000 1.176764 -0.011787
v 0.000000 1.177993 -0.011787
v -0.003642 1.176764 -0.011210
v -0.003642 1.177993 -0.011210
v -0.006928 1.176764 -0.009536
v -0.006928 1.177993 -0.009536
v -0.009535 1.176764 -0.006928
v -0.009535 1.177993 -0.006928
v -0.011210 1.176764 -0.003643
v -0.011210 1.177993 -0.003643
v -0.011787 1.176764 -0.000000
v -0.011787 1.177993 -0.000000
v -0.011210 1.176764 0.003642
v -0.011210 1.177993 0.003642
v -0.009535 1.176764 0.006928
v -0.009535 1.177993 0.006928
v -0.006928 1.176764 0.009535
v -0.006928 1.177993 0.009535
v -0.003643 1.176764 0.011210
v -0.003643 1.177993 0.011210
v 0.000000 1.176764 0.011787
v 0.000000 1.177993 0.011787
v 0.003642 1.176764 0.011210
v 0.003642 1.177993 0.011210
v 0.006928 1.176764 0.009535
v 0.006928 1.177993 0.009535
v 0.009535 1.176764 0.006928
v 0.009535 1.177993 0.006928
v 0.011210 1.176764 0.003642
v 0.011210 1.177993 0.003642
v 0.011787 1.176764 -0.000000
v 0.011787 1.177993 -0.000000
v 0.008321 1.177993 -0.002704
v 0.007078 1.177993 -0.005143
v 0.005143 1.177993 -0.007079
v 0.002704 1.177993 -0.008322
v 0.000000 1.177993 -0.008750
v -0.002704 1.177993 -0.008322
v -0.005143 1.177993 -0.007079
v -0.007078 1.177993 -0.005143
v -0.008321 1.177993 -0.002704
v -0.008750 1.177993 -0.000000
v -0.008321 1.177993 0.002704
v -0.007078 1.177993 0.005143
v -0.005143 1.177993 0.007078
v -0.002704 1.177993 0.008321
v 0.000000 1.177993 0.008750
v 0.002704 1.177993 0.008321
v 0.005143 1.177993 0.007078
v 0.007078 1.177993 0.005143
v 0.008321 1.177993 0.002704
v 0.008750 1.177993 -0.000000
v 0.008321 1.204516 -0.002704
v 0.007078 1.204516 -0.005143
v 0.005143 1.204516 -0.007079
v 0.002704 1.204516 -0.008322
v 0.000000 1.204516 -0.008750
v -0.002704 1.204516 -0.008321
v -0.005143 1.204516 -0.007078
v -0.007078 1.204516 -0.005144
v -0.008321 1.204516 -0.002705
v -0.008750 1.204516 -0.000001
v -0.008321 1.204516 0.002703
v -0.007078 1.204516 0.005143
v -0.005143 1.204516 0.007079
v -0.002704 1.204516 0.008321
v 0.000000 1.204516 0.008749
v 0.002704 1.204516 0.008321
v 0.005143 1.204516 0.007078
v 0.007078 1.204516 0.005143
v 0.008321 1.204516 0.002704
v 0.008750 1.204516 0.000000
v -0.135152 0.925556 0.018391
v -0.106262 0.925556 0.018391
v -0.135152 1.183005 0.018391
v -0.106262 1.183005 0.018391
v -0.135152 1.183005 -0.018391
v -0.106262 1.183005 -0.018391
v -0.135152 0.925556 -0.018391
v -0.106262 0.925556 -0.018391
v -0.128202 1.156304 -0.018391
v -0.128202 1.156304 0.018391
v -0.104590 1.156304 0.018391
v -0.104590 1.156304 -0.018391
v -0.128160 0.952929 0.018391
v -0.128160 0.952929 -0.018391
v -0.104548 0.952929 -0.018391
v -0.104548 0.952929 0.018391
v -0.097516 0.930180 -0.018391
v -0.097516 0.930180 0.018391
v -0.095802 0.948305 -0.018391
v -0.095802 0.948305 0.018391
v -0.095844 1.158298 0.018391
v -0.095844 1.158298 -0.018391
v -0.097516 1.178306 -0.018391
v -0.097516 1.178306 0.018391
v -0.114381 1.109250 0.018391
v -0.109847 1.065926 0.018391
v -0.112737 1.022462 0.018391
v -0.112737 1.022462 -0.018391
v -0.109847 1.065926 -0.018391
v -0.114381 1.109250 -0.018391
v -0.089124 1.022470 -0.018391
v -0.086234 1.065926 -0.018391
v -0.090767 1.109242 -0.018391
v -0.090767 1.109242 0.018391
v -0.086234 1.065926 0.018391
v -0.089124 1.022470 0.018391
v 0.237614 -0.028349 -0.077205
v 0.202127 -0.028349 -0.146854
v 0.146854 -0.028349 -0.202127
v 0.077205 -0.028349 -0.237614
v 0.000000 -0.028349 -0.249842
v -0.077205 -0.028349 -0.237614
v -0.146853 -0.028349 -0.202127
v -0.202126 -0.028349 -0.146853
v -0.237614 -0.028349 -0.077205
v -0.249842 -0.028349 0.000000
v -0.237614 -0.028349 0.077205
v -0.202126 -0.028349 0.146853
v -0.146853 -0.028349 0.202126
v -0.077205 -0.028349 0.237614
v -0.000000 -0.028349 0.249842
v 0.077205 -0.028349 0.237614
v 0.146853 -0.028349 0.202126
v 0.202126 -0.028349 0.146853
v 0.237614 -0.028349 0.077205
v 0.249842 -0.028349 0.000000
v 0.237614 0.012188 -0.077205
v 0.202127 0.012188 -0.146854
v 0.146854 0.012188 -0.202127
v 0.077205 0.012188 -0.237614
v 0.000000 0.012188 -0.249842
v -0.077205 0.012188 -0.237614
v -0.146853 0.012188 -0.202127
v -0.202126 0.012188 -0.146853
v -0.237614 0.012188 -0.077205
v -0.249842 0.012188 -0.000000
v -0.237614 0.012188 0.077205
v -0.202126 0.012188 0.146853
v -0.146853 0.012188 0.202126
v -0.077205 0.012188 0.237614
v -0.000000 0.012188 0.249842
v 0.077205 0.012188 0.237614
v 0.146853 0.012188 0.202126
v 0.202126 0.012188 0.146853
v 0.237614 0.012188 0.077205
v 0.249842 0.012188 -0.000000
v 0.000000 -0.028349 0.000000
v 0.000000 0.012188 -0.000000
v 0.029703 0.792488 -0.014844
v 0.029703 0.799311 -0.028234
v 0.029703 0.809937 -0.038861
v 0.029703 0.823328 -0.045683
v 0.029703 0.838171 -0.048034
v 0.029703 0.853014 -0.045683
v 0.029703 0.866405 -0.038861
v 0.029703 0.877032 -0.028234
v 0.029703 0.883854 -0.014844
v 0.029703 0.886205 -0.000000
v 0.029703 0.883854 0.014843
v 0.029703 0.877032 0.028234
v 0.029703 0.866405 0.038860
v 0.029703 0.853014 0.045683
v 0.029703 0.838171 0.048034
v 0.029703 0.823328 0.045683
v 0.029703 0.809937 0.038860
v 0.029703 0.799311 0.028234
v 0.029703 0.792488 0.014843
v 0.029703 0.790137 -0.000000
v 0.234959 0.792488 -0.014844
v 0.234959 0.799311 -0.028234
v 0.234959 0.809937 -0.038861
v 0.234959 0.823328 -0.045683
v 0.234959 0.838171 -0.048034
v 0.234959 0.853014 -0.045683
v 0.234959 0.866405 -0.038861
v 0.234959 0.877032 -0.028234
v 0.234959 0.883854 -0.014844
v 0.234959 0.886205 -0.000000
v 0.234959 0.883854 0.014843
v 0.234959 0.877032 0.028234
v 0.234959 0.866405 0.038860
v 0.234959 0.853014 0.045683
v 0.234959 0.838171 0.048034
v 0.234959 0.823328 0.045683
v 0.234959 0.809937 0.038860
v 0.234959 0.799311 0.028234
v 0.234959 0.792488 0.014843
v 0.234959 0.790137 -0.000000
v 0.289753 0.776742 -0.015850
v 0.294810 0.781987 -0.030148
v 0.302687 0.790155 -0.041495
v 0.312612 0.800448 -0.048781
v 0.323614 0.811857 -0.051291
v 0.334616 0.823266 -0.048781
v 0.344541 0.833559 -0.041495
v 0.352417 0.841727 -0.030148
v 0.357474 0.846971 -0.015850
v 0.359217 0.848778 -0.000000
v 0.357474 0.846971 0.015850
v 0.352417 0.841727 0.030148
v 0.344541 0.833559 0.041495
v 0.334616 0.823266 0.048780
v 0.323614 0.811857 0.051291
v 0.312612 0.800448 0.048780
v 0.302687 0.790155 0.041495
v 0.294810 0.781987 0.030148
v 0.289753 0.776742 0.015850
v 0.288011 0.774935 -0.000000
v 0.283943 0.694276 -0.018570
v 0.291623 0.694276 -0.029920
v 0.302434 0.694276 -0.038341
v 0.315319 0.694276 -0.043009
v 0.329016 0.694276 -0.043467
v 0.342183 0.694276 -0.039671
v 0.353533 0.694276 -0.031991
v 0.361955 0.694276 -0.021179
v 0.366623 0.694277 -0.008295
v 0.367081 0.694277 0.005402
v 0.363284 0.694276 0.018569
v 0.355604 0.694276 0.029919
v 0.344793 0.694276 0.038341
v 0.331909 0.694276 0.043009
v 0.318212 0.694276 0.043467
v 0.305044 0.694276 0.039671
v 0.293694 0.694276 0.031991
v 0.285273 0.694276 0.021179
v 0.280605 0.694276 0.008295
v 0.280146 0.694276 -0.005402
vn -0.0000 -1.0000 -0.0000
vn 0.7032 0.7110 -0.0000
vn 0.6688 0.7110 -0.2173
vn 0.5689 0.7110 -0.4133
vn 0.4133 0.7110 -0.5689
vn 0.2173 0.7110 -0.6688
vn -0.0000 0.7110 -0.7032
vn -0.2173 0.7110 -0.6688
vn -0.4133 0.7110 -0.5689
vn -0.5689 0.7110 -0.4133
vn -0.6688 0.7110 -0.2173
vn -0.7032 0.7110 -0.0000
vn -0.6688 0.7110 0.2173
vn -0.5689 0.7110 0.4133
vn -0.4133 0.7110 0.5689
vn -0.2173 0.7110 0.6688
vn -0.0000 0.7110 0.7032
vn 0.2173 0.7110 0.6688
vn 0.4133 0.7110 0.5689
vn 0.5689 0.7110 0.4133
vn 0.6688 0.7110 0.2173
vn 1.0000 -0.0000 -0.0000
vn 0.9511 -0.0000 -0.3090
vn 0.8090 -0.0000 -0.5878
vn 0.5878 -0.0000 -0.8090
vn 0.3090 -0.0000 -0.9511
vn -0.0000 -0.0000 -1.0000
vn -0.3090 -0.0000 -0.9511
vn -0.5878 -0.0000 -0.8090
vn -0.8090 -0.0000 -0.5878
vn -0.9511 -0.0000 -0.3090
vn -1.0000 -0.0000 -0.0000
vn -0.9511 -0.0000 0.3090
vn -0.8090 -0.0000 0.5878
vn -0.5878 -0.0000 0.8090
vn -0.3090 -0.0000 0.9511
vn -0.0000 -0.0000 1.0000
vn 0.3090 -0.0000 0.9511
vn 0.5878 -0.0000 0.8090
vn 0.8090 -0.0000 0.5878
vn 0.9511 -0.0000 0.3090
vn -0.0000 1.0000 -0.0000
vn 0.9871 0.1604 -0.0000
vn 0.9387 0.1604 -0.3050
vn 0.9453 0.1099 -0.3071
vn 0.9939 0.1099 -0.0000
vn 0.9387 0.1604 0.3050
vn 0.9453 0.1099 0.3071
vn 0.7985 0.1604 0.5802
vn 0.8041 0.1099 0.5842
vn 0.5802 0.1604 0.7985
vn 0.5842 0.1099 0.8041
vn 0.3050 0.1604 0.9387
vn 0.3071 0.1099 0.9453
vn -0.0000 0.1604 0.9871
vn -0.0000 0.1099 0.9939
vn -0.3050 0.1604 0.9387
vn -0.3071 0.1099 0.9453
vn -0.5802 0.1604 0.7985
vn -0.5842 0.1099 0.8041
vn -0.7985 0.1604 0.5802
vn -0.8041 0.1099 0.5842
vn -0.9387 0.1604 0.3050
vn -0.9453 0.1099 0.3071
vn -0.9871 0.1604 -0.0000
vn -0.9939 0.1099 -0.0000
vn -0.9387 0.1604 -0.3050
vn -0.9453 0.1099 -0.3071
vn -0.7985 0.1604 -0.5802
vn -0.8041 0.1099 -0.5842
vn -0.5802 0.1604 -0.7985
vn -0.5842 0.1099 -0.8041
vn -0.3050 0.1604 -0.9387
vn -0.3071 0.1099 -0.9453
vn -0.0000 0.1604 -0.9871
vn -0.0000 0.1099 -0.9939
vn 0.3050 0.1604 -0.9387
vn 0.3071 0.1099 -0.9453
vn 0.5802 0.1604 -0.7985
vn 0.5842 0.1099 -0.8041
vn 0.7985 0.1604 -0.5802
vn 0.8041 0.1099 -0.5842
vn 0.9387 -0.1604 -0.3050
vn 0.7985 -0.1604 -0.5802
vn 0.9871 -0.1604 -0.0000
vn 0.9387 -0.1604 0.3050
vn 0.7985 -0.1604 0.5802
vn 0.5802 -0.1604 0.7985
vn 0.3050 -0.1604 0.9387
vn -0.0000 -0.1604 0.9871
vn -0.3050 -0.1604 0.9387
vn -0.5802 -0.1604 0.7985
vn -0.7985 -0.1604 0.5802
vn -0.9387 -0.1604 0.3050
vn -0.9871 -0.1604 -0.0000
vn -0.9387 -0.1604 -0.3050
vn -0.7985 -0.1604 -0.5802
vn -0.5802 -0.1604 -0.7985
vn -0.3050 -0.1604 -0.9387
vn -0.0000 -0.1604 -0.9871
vn 0.3050 -0.1604 -0.9387
vn 0.5802 -0.1604 -0.7985
vn 0.9450 -0.1129 -0.3070
vn 0.9936 -0.1129 -0.0000
vn 0.8038 -0.1129 -0.5840
vn 0.9450 -0.1129 0.3070
vn 0.8038 -0.1129 0.5840
vn 0.5840 -0.1129 0.8038
vn 0.3070 -0.1129 0.9450
vn -0.0000 -0.1129 0.9936
vn -0.3070 -0.1129 0.9450
vn -0.5840 -0.1129 0.8038
vn -0.8038 -0.1129 0.5840
vn -0.9450 -0.1129 0.3070
vn -0.9936 -0.1129 -0.0000
vn -0.9450 -0.1129 -0.3070
vn -0.8038 -0.1129 -0.5840
vn -0.5840 -0.1129 -0.8038
vn -0.3070 -0.1129 -0.9450
vn -0.0000 -0.1129 -0.9936
vn 0.3070 -0.1129 -0.9450
vn 0.5840 -0.1129 -0.8038
vn 0.9764 -0.2161 -0.0000
vn 0.9286 -0.2161 -0.3017
vn 0.9286 -0.2161 0.3017
vn 0.7899 -0.2161 0.5739
vn 0.5739 -0.2161 0.7899
vn 0.3017 -0.2161 0.9286
vn -0.0000 -0.2161 0.9764
vn -0.3017 -0.2161 0.9286
vn -0.5739 -0.2161 0.7899
vn -0.7899 -0.2161 0.5739
vn -0.9286 -0.2161 0.3017
vn -0.9764 -0.2161 -0.0000
vn -0.9286 -0.2161 -0.3017
vn -0.7899 -0.2161 -0.5739
vn -0.5739 -0.2161 -0.7899
vn -0.3017 -0.2161 -0.9286
vn -0.0000 -0.2161 -0.9764
vn 0.3017 -0.2161 -0.9286
vn 0.5739 -0.2161 -0.7899
vn 0.7899 -0.2161 -0.5739
vn 0.3130 0.9443 -0.1017
vn 0.3291 0.9443 -0.0000
vn 0.1175 -0.9931 -0.0000
vn 0.1117 -0.9931 -0.0363
vn 0.0950 -0.9931 -0.0690
vn 0.2663 0.9443 -0.1935
vn 0.3130 0.9443 0.1017
vn 0.1117 -0.9931 0.0363
vn 0.2663 0.9443 0.1935
vn 0.0950 -0.9931 0.0690
vn 0.1935 0.9443 0.2663
vn 0.0690 -0.9931 0.0950
vn 0.1017 0.9443 0.3130
vn 0.0363 -0.9931 0.1117
vn -0.0000 0.9443 0.3291
vn -0.0000 -0.9931 0.1175
vn -0.1017 0.9443 0.3130
vn -0.0363 -0.9931 0.1117
vn -0.1935 0.9443 0.2663
vn -0.0690 -0.9931 0.0950
vn -0.2663 0.9443 0.1935
vn -0.0950 -0.9931 0.0690
vn -0.3130 0.9443 0.1017
vn -0.1117 -0.9931 0.0363
vn -0.3291 0.9443 -0.0000
vn -0.1175 -0.9931 -0.0000
vn -0.3130 0.9443 -0.1017
vn -0.1117 -0.9931 -0.0363
vn -0.2663 0.9443 -0.1935
vn -0.0950 -0.9931 -0.0690
vn -0.1935 0.9443 -0.2663
vn -0.0690 -0.9931 -0.0950
vn -0.1017 0.9443 -0.3130
vn -0.0363 -0.9931 -0.1117
vn -0.0000 0.9443 -0.3291
vn -0.0000 -0.9931 -0.1175
vn 0.1017 0.9443 -0.3130
vn 0.0363 -0.9931 -0.1117
vn 0.1935 0.9443 -0.2663
vn 0.0690 -0.9931 -0.0950
vn 0.3090 0.9511 -0.0000
vn 0.5878 0.8090 -0.0000
vn 0.8090 0.5878 -0.0000
vn 0.9511 0.3090 -0.0000
vn 0.9511 -0.3090 -0.0000
vn 0.8090 -0.5878 -0.0000
vn 0.5878 -0.8090 -0.0000
vn 0.3090 -0.9511 -0.0000
vn -0.3090 -0.9511 -0.0000
vn -0.5878 -0.8090 -0.0000
vn -0.8090 -0.5878 -0.0000
vn -0.9511 -0.3090 -0.0000
vn -0.9511 0.3090 -0.0000
vn -0.8090 0.5878 -0.0000
vn -0.5878 0.8090 -0.0000
vn -0.3090 0.9511 -0.0000
vn -0.0114 0.0303 0.9995
vn 0.0027 0.0287 0.9996
vn 0.0028 0.0287 0.9996
vn 0.1154 0.9930 0.0266
vn -0.0169 -0.0270 -0.9995
vn -0.0027 -0.0287 -0.9996
vn -0.0028 -0.0287 -0.9996
vn -0.1154 -0.9930 -0.0266
vn 0.9930 -0.1185 -0.0006
vn -0.9930 0.1185 0.0006
vn 0.2446 -0.9695 -0.0128
vn 0.3754 -0.9268 -0.0066
vn 0.3768 -0.9263 -0.0065
vn -0.0112 0.0138 0.9998
vn -0.0171 0.0010 0.9999
vn -0.0184 -0.0018 0.9998
vn -0.1810 0.9834 0.0130
vn -0.3687 0.9295 0.0067
vn -0.3702 0.9289 0.0067
vn -0.0058 -0.0147 -0.9999
vn -0.0160 -0.0148 -0.9998
vn -0.0140 -0.0148 -0.9998
vn 0.5038 -0.8638 -0.0000
vn -0.0144 -0.0081 0.9999
vn -0.0106 -0.0054 0.9999
vn -0.5472 0.8370 -0.0000
vn -0.0106 -0.0054 -0.9999
vn -0.0144 -0.0081 -0.9999
vn 0.9903 0.1388 -0.0000
vn 0.9998 0.0210 -0.0000
vn 0.0005 0.0021 1.0000
vn -0.9929 -0.1189 -0.0000
vn -0.9999 -0.0110 -0.0000
vn 0.0005 0.0021 -1.0000
vn 0.9724 -0.2334 -0.0000
vn 0.9221 -0.3868 -0.0000
vn -0.0000 0.0003 1.0000
vn -0.0000 0.0017 1.0000
vn -0.9716 0.2367 -0.0000
vn -0.9199 0.3922 -0.0000
vn -0.0000 0.0017 -1.0000
vn -0.0000 0.0003 -1.0000
vn 0.8848 -0.4660 -0.0000
vn 0.8042 -0.5944 -0.0000
vn -0.0004 -0.0005 1.0000
vn -0.0070 -0.0096 0.9999
vn -0.0135 -0.0183 0.9997
vn -0.0136 -0.0185 0.9997
vn -0.8888 0.4583 -0.0000
vn -0.8280 0.5607 -0.0000
vn -0.0070 -0.0096 -0.9999
vn -0.0004 -0.0005 -1.0000
vn -0.0136 -0.0185 -0.9997
vn -0.0135 -0.0183 -0.9997
vn -0.0198 -0.0270 -0.9994
vn -0.7868 0.6172 -0.0000
vn -0.0198 -0.0270 0.9994
vn 0.7480 -0.6637 -0.0000
vn 0.0169 0.0270 0.9995
vn 0.0114 -0.0303 -0.9995
vn 0.1371 -0.9903 -0.0217
vn 0.0217 -0.9903 -0.1372
vn -0.0000 -0.9642 -0.2651
vn -0.0217 -0.9903 -0.1372
vn -0.1372 -0.9903 -0.0217
vn -0.2651 -0.9642 -0.0000
vn -0.1372 -0.9903 0.0217
vn -0.0217 -0.9903 0.1372
vn -0.0000 -0.9642 0.2651
vn 0.0217 -0.9903 0.1372
vn 0.1372 -0.9903 0.0217
vn 0.2651 -0.9642 -0.0000
vn 0.1372 0.9903 -0.0217
vn 0.0217 0.9903 -0.1372
vn -0.0000 0.9642 -0.2651
vn -0.0217 0.9903 -0.1372
vn -0.1372 0.9903 -0.0217
vn -0.2651 0.9642 -0.0000
vn -0.1372 0.9903 0.0217
vn -0.0217 0.9903 0.1372
vn -0.0000 0.9642 0.2651
vn 0.0217 0.9903 0.1372
vn 0.1372 0.9903 0.0217
vn 0.2651 0.9642 -0.0000
vn -0.0000 -0.8824 -0.4706
vn 0.0743 -0.8799 -0.4693
vn 0.0743 0.8799 -0.4693
vn -0.0000 0.8824 -0.4706
vn -0.0743 -0.8799 -0.4693
vn -0.0743 0.8799 -0.4693
vn -0.4706 -0.8824 -0.0000
vn -0.4693 -0.8799 -0.0743
vn -0.4693 0.8799 -0.0743
vn -0.4706 0.8824 -0.0000
vn -0.4693 -0.8799 0.0743
vn -0.4693 0.8799 0.0743
vn -0.0000 -0.8824 0.4706
vn -0.0743 -0.8799 0.4693
vn -0.0743 0.8799 0.4693
vn -0.0000 0.8824 0.4706
vn 0.0743 -0.8799 0.4693
vn 0.0743 0.8799 0.4693
vn 0.4706 -0.8824 -0.0000
vn 0.4693 -0.8799 0.0743
vn 0.4693 0.8799 0.0743
vn 0.4706 0.8824 -0.0000
vn 0.4692 -0.8799 -0.0743
vn 0.4693 0.8799 -0.0743
vn 0.8910 -0.0000 -0.4540
vn 0.8174 -0.0000 -0.5760
vn 0.3316 -0.0000 -0.9434
vn 0.9877 -0.0000 -0.1564
vn 0.9877 -0.0000 0.1564
vn 0.3316 -0.0000 0.9434
vn 0.8910 -0.0000 0.4540
vn 0.8174 -0.0000 0.5760
vn 0.5760 -0.0000 0.8174
vn 0.4540 -0.0000 0.8910
vn 0.9434 -0.0000 0.3316
vn 0.1564 -0.0000 0.9877
vn -0.1564 -0.0000 0.9877
vn -0.9434 -0.0000 0.3316
vn -0.4540 -0.0000 0.8910
vn -0.5760 -0.0000 0.8174
vn -0.8174 -0.0000 0.5760
vn -0.8910 -0.0000 0.4540
vn -0.3316 -0.0000 0.9434
vn -0.9877 -0.0000 0.1564
vn -0.9877 -0.0000 -0.1564
vn -0.3316 -0.0000 -0.9434
vn -0.8910 -0.0000 -0.4540
vn -0.8174 -0.0000 -0.5760
vn -0.5760 -0.0000 -0.8174
vn -0.4540 -0.0000 -0.8910
vn -0.9434 -0.0000 -0.3316
vn -0.1564 -0.0000 -0.9877
vn 0.1564 -0.0000 -0.9877
vn 0.9434 -0.0000 -0.3316
vn 0.4540 -0.0000 -0.8910
vn 0.5760 -0.0000 -0.8174
vn 0.1372 -0.9903 -0.0217
vn 0.4693 -0.8799 -0.0743
vn 0.9510 -0.0000 -0.3091
vn 0.3090 -0.0000 -0.9510
vn -0.3090 -0.0000 -0.9510
vn -0.9510 -0.0000 -0.3091
vn -0.9510 -0.0000 0.3091
vn -0.3091 -0.0000 0.9510
vn 0.3090 -0.0000 0.9510
vn 0.9510 -0.0000 0.3091
vn 0.9510 -0.0000 -0.3090
vn -0.0001 -0.0000 -1.0000
vn -0.3091 -0.0000 -0.9510
vn 0.2440 0.9698 -0.0000
vn 0.2408 -0.9706 -0.0000
vn 0.9956 -0.0941 -0.0000
vn -0.9689 0.2475 -0.0000
vn -0.9727 0.2320 -0.0000
vn -0.9637 -0.2669 -0.0000
vn -0.9678 -0.2519 -0.0000
vn 0.9965 0.0833 -0.0000
vn 0.4674 -0.8841 -0.0000
vn 0.4674 0.8841 -0.0000
vn 0.2223 -0.9750 -0.0000
vn 0.4733 0.8809 -0.0000
vn -0.9899 0.1419 -0.0000
vn -0.9998 -0.0189 -0.0000
vn -0.9811 -0.1938 -0.0000
vn 0.9811 0.1937 -0.0000
vn 0.9595 0.2818 -0.0000
vn 0.9763 -0.2165 -0.0000
vn 0.9899 -0.1419 -0.0000
vn 0.9998 0.0189 -0.0000
vn -0.0000 -0.9511 -0.3090
vn -0.0000 -0.8090 -0.5878
vn -0.1155 -0.8405 -0.5294
vn -0.2131 -0.9320 -0.2933
vn -0.0000 -0.5878 -0.8090
vn -0.0907 -0.6190 -0.7801
vn -0.0000 -0.3090 -0.9511
vn -0.0568 -0.3209 -0.9454
vn -0.0150 0.0148 -0.9998
vn -0.0000 0.3090 -0.9511
vn 0.0302 0.3418 -0.9393
vn -0.0000 0.5878 -0.8090
vn 0.0731 0.6219 -0.7797
vn -0.0000 0.8090 -0.5878
vn 0.1083 0.8302 -0.5469
vn -0.0000 0.9511 -0.3090
vn 0.1320 0.9543 -0.2680
vn 0.1427 0.9893 0.0312
vn -0.0000 0.9511 0.3090
vn 0.1399 0.9349 0.3262
vn -0.0000 0.8090 0.5878
vn 0.1232 0.7966 0.5919
vn -0.0000 0.5878 0.8090
vn 0.0922 0.5862 0.8049
vn -0.0000 0.3090 0.9511
vn 0.0473 0.3222 0.9455
vn -0.0077 0.0281 0.9996
vn -0.0000 -0.3090 0.9511
vn -0.0637 -0.2684 0.9612
vn -0.0000 -0.5878 0.8090
vn -0.1093 -0.5396 0.8348
vn -0.0000 -0.8090 0.5878
vn -0.1370 -0.7615 0.6335
vn -0.0000 -0.9511 0.3090
vn -0.1465 -0.9153 0.3751
vn -0.1433 -0.9865 0.0795
vn -0.2437 -0.7758 -0.5820
vn -0.2697 -0.9144 -0.3018
vn -0.3969 -0.3059 -0.8654
vn -0.1608 -0.1687 -0.9725
vn 0.0774 0.0004 -0.9970
vn 0.3072 0.1831 -0.9339
vn 0.1698 0.6256 -0.7615
vn 0.2350 0.8110 -0.5358
vn 0.2746 0.9213 -0.2754
vn 0.2878 0.9577 -0.0000
vn 0.2746 0.9213 0.2754
vn 0.2350 0.8110 0.5358
vn 0.1698 0.6256 0.7615
vn 0.2484 0.1739 0.9529
vn 0.0243 0.0049 0.9997
vn -0.2132 -0.1566 0.9644
vn -0.1920 -0.5510 0.8121
vn -0.2437 -0.7758 0.5820
vn -0.2697 -0.9144 0.3018
vn -0.2771 -0.9608 -0.0000
vn -0.9425 0.0709 -0.3267
vn -0.7985 0.0205 -0.6016
vn -0.8241 0.0282 -0.5657
vn -0.9476 0.0732 -0.3111
vn -0.5981 -0.0220 -0.8011
vn -0.2720 -0.0553 -0.9607
vn 0.1002 -0.0584 -0.9933
vn 0.4428 -0.0357 -0.8959
vn 0.7392 0.0025 -0.6734
vn 0.7076 -0.0025 -0.7066
vn 0.8956 0.0299 -0.4438
vn 0.8835 0.0275 -0.4677
vn 0.9792 0.0468 -0.1975
vn 0.9772 0.0464 -0.2072
vn 0.9973 0.0508 0.0538
vn 0.9969 0.0507 0.0594
vn 0.9523 0.0414 0.3022
vn 0.9456 0.0400 0.3229
vn 0.8417 0.0200 0.5396
vn 0.8192 0.0159 0.5733
vn 0.6586 -0.0097 0.7525
vn 0.6099 -0.0166 0.7923
vn 0.3145 -0.0472 0.9481
vn -0.0466 -0.0610 0.9971
vn -0.4132 -0.0449 0.9095
vn -0.6397 -0.0155 0.7685
vn -0.7083 -0.0013 0.7060
vn -0.8622 0.0394 0.5051
vn -0.8923 0.0502 0.4486
vn -0.9713 0.0833 0.2229
vn -0.9782 0.0868 0.1885
vn -0.9941 0.0955 -0.0522
vn -0.9936 0.0953 -0.0614
vt 0.049723 0.396945
vt 0.049723 0.383069
vt 0.093527 0.390007
vt 0.054011 0.410141
vt 0.062167 0.421367
vt 0.073393 0.429522
vt 0.086589 0.433810
vt 0.100464 0.433810
vt 0.113661 0.429522
vt 0.124886 0.421367
vt 0.133042 0.410141
vt 0.137330 0.396945
vt 0.137330 0.383069
vt 0.133042 0.369873
vt 0.124886 0.358647
vt 0.113661 0.350491
vt 0.100464 0.346204
vt 0.086589 0.346204
vt 0.073393 0.350491
vt 0.062167 0.358647
vt 0.054011 0.369873
vt 0.275141 0.834359
vt 0.272970 0.848064
vt 0.243740 0.838642
vt 0.244417 0.834366
vt 0.266671 0.860427
vt 0.241774 0.842499
vt 0.256860 0.870238
vt 0.238713 0.845560
vt 0.244497 0.876538
vt 0.234856 0.847525
vt 0.230793 0.878708
vt 0.230580 0.848203
vt 0.217088 0.876538
vt 0.226304 0.847525
vt 0.204725 0.870238
vt 0.222447 0.845560
vt 0.538497 0.398176
vt 0.552372 0.398176
vt 0.547614 0.428238
vt 0.543285 0.428238
vt 0.194914 0.860427
vt 0.188615 0.848063
vt 0.217421 0.838641
vt 0.219386 0.842499
vt 0.186445 0.834359
vt 0.216744 0.834366
vt 0.188615 0.820654
vt 0.217421 0.830090
vt 0.194914 0.808291
vt 0.219386 0.826232
vt 0.204725 0.798480
vt 0.222447 0.823171
vt 0.217088 0.792180
vt 0.226304 0.821206
vt 0.230793 0.790010
vt 0.230580 0.820529
vt 0.244497 0.792180
vt 0.234856 0.821206
vt 0.256860 0.798480
vt 0.238713 0.823171
vt 0.266671 0.808291
vt 0.241774 0.826232
vt 0.285033 0.880531
vt 0.298859 0.880518
vt 0.296622 0.911521
vt 0.292308 0.911525
vt 0.272970 0.820654
vt 0.243740 0.830090
vt 0.300838 0.911554
vt 0.304544 0.911621
vt 0.304531 0.920674
vt 0.300825 0.920607
vt 0.436596 0.916700
vt 0.436587 0.920816
vt 0.427531 0.920810
vt 0.427539 0.916694
vt 0.436584 0.925145
vt 0.427528 0.925139
vt 0.436587 0.929263
vt 0.427531 0.929257
vt 0.436596 0.932768
vt 0.427539 0.932762
vt 0.535667 0.428223
vt 0.539168 0.428233
vt 0.539168 0.437290
vt 0.535667 0.437280
vt 0.543285 0.437295
vt 0.547614 0.437295
vt 0.551732 0.428233
vt 0.551732 0.437290
vt 0.555236 0.428223
vt 0.555236 0.437280
vt 0.557782 0.428210
vt 0.557782 0.437266
vt 0.907373 0.895852
vt 0.907391 0.892829
vt 0.916447 0.892818
vt 0.916429 0.895841
vt 0.907400 0.888996
vt 0.916456 0.888986
vt 0.907400 0.884729
vt 0.916456 0.884718
vt 0.907391 0.880445
vt 0.916447 0.880434
vt 0.907373 0.876564
vt 0.916429 0.876553
vt 0.285046 0.911639
vt 0.288320 0.911566
vt 0.288307 0.920619
vt 0.285033 0.920692
vt 0.292296 0.920578
vt 0.296609 0.920574
vt 0.917045 0.869056
vt 0.916943 0.874424
vt 0.914064 0.874417
vt 0.914166 0.869050
vt 0.916387 0.500496
vt 0.916375 0.506458
vt 0.913495 0.506456
vt 0.913508 0.500494
vt 0.916371 0.512728
vt 0.913491 0.512726
vt 0.916375 0.518693
vt 0.913495 0.518691
vt 0.916387 0.523769
vt 0.913508 0.523767
vt 0.369744 0.926870
vt 0.369762 0.921799
vt 0.372642 0.921800
vt 0.372624 0.926871
vt 0.369773 0.915836
vt 0.372653 0.915838
vt 0.369777 0.909566
vt 0.372657 0.909568
vt 0.369773 0.903602
vt 0.372653 0.903604
vt 0.369762 0.898527
vt 0.372642 0.898529
vt 0.369744 0.894839
vt 0.372624 0.894841
vt 0.685972 0.937174
vt 0.685998 0.932795
vt 0.688878 0.932792
vt 0.688852 0.937171
vt 0.686011 0.927244
vt 0.688891 0.927241
vt 0.686011 0.921064
vt 0.688891 0.921060
vt 0.685998 0.914859
vt 0.688878 0.914856
vt 0.685972 0.909238
vt 0.688852 0.909234
vt 0.916943 0.846184
vt 0.917045 0.850925
vt 0.914166 0.850919
vt 0.914064 0.846178
vt 0.917099 0.856703
vt 0.914220 0.856696
vt 0.917099 0.862950
vt 0.914220 0.862943
vt 0.463956 0.424253
vt 0.466501 0.427755
vt 0.462114 0.432142
vt 0.458429 0.427069
vt 0.528202 0.424253
vt 0.529540 0.420135
vt 0.535667 0.421106
vt 0.533730 0.427069
vt 0.470003 0.430299
vt 0.467187 0.435827
vt 0.525657 0.427755
vt 0.530044 0.432142
vt 0.474121 0.431637
vt 0.473150 0.437765
vt 0.522155 0.430300
vt 0.524971 0.435827
vt 0.478450 0.431637
vt 0.479420 0.437765
vt 0.518038 0.431637
vt 0.519008 0.437765
vt 0.482567 0.430300
vt 0.485384 0.435827
vt 0.513709 0.431637
vt 0.512738 0.437765
vt 0.486069 0.427755
vt 0.490456 0.432142
vt 0.509592 0.430300
vt 0.506775 0.435827
vt 0.488614 0.424253
vt 0.494142 0.427069
vt 0.506089 0.427755
vt 0.501702 0.432142
vt 0.489952 0.420135
vt 0.496079 0.421106
vt 0.503545 0.424253
vt 0.498017 0.427069
vt 0.489952 0.415806
vt 0.496079 0.414836
vt 0.502207 0.420135
vt 0.496080 0.421106
vt 0.488614 0.411689
vt 0.494142 0.408872
vt 0.502207 0.415806
vt 0.496080 0.414836
vt 0.486069 0.408186
vt 0.490456 0.403800
vt 0.503545 0.411689
vt 0.498017 0.408872
vt 0.482567 0.405642
vt 0.485384 0.400114
vt 0.506089 0.408187
vt 0.501703 0.403800
vt 0.478450 0.404304
vt 0.479420 0.398176
vt 0.509592 0.405642
vt 0.506775 0.400114
vt 0.474121 0.404304
vt 0.473150 0.398176
vt 0.513709 0.404304
vt 0.512738 0.398176
vt 0.470003 0.405642
vt 0.467187 0.400114
vt 0.518038 0.404304
vt 0.519008 0.398176
vt 0.466501 0.408186
vt 0.462114 0.403800
vt 0.522155 0.405642
vt 0.524972 0.400114
vt 0.463956 0.411689
vt 0.458429 0.408872
vt 0.525657 0.408186
vt 0.530044 0.403800
vt 0.462619 0.415806
vt 0.456491 0.414836
vt 0.528202 0.411689
vt 0.533730 0.408872
vt 0.462619 0.420135
vt 0.456491 0.421106
vt 0.529540 0.415806
vt 0.535667 0.414836
vt 0.520974 0.420570
vt 0.521528 0.418866
vt 0.519921 0.422019
vt 0.518472 0.423072
vt 0.516769 0.423625
vt 0.514978 0.423625
vt 0.513274 0.423072
vt 0.511825 0.422019
vt 0.510773 0.420570
vt 0.510219 0.418866
vt 0.510219 0.417075
vt 0.510773 0.415372
vt 0.511825 0.413923
vt 0.513274 0.412870
vt 0.514978 0.412316
vt 0.516769 0.412316
vt 0.518472 0.412870
vt 0.519921 0.413923
vt 0.520974 0.415372
vt 0.521528 0.417075
vt 0.305719 0.787912
vt 0.304666 0.787917
vt 0.304666 0.777621
vt 0.305719 0.777615
vt 0.321882 0.777609
vt 0.323133 0.777617
vt 0.323133 0.787914
vt 0.321882 0.787905
vt 0.324718 0.777623
vt 0.324718 0.787919
vt 0.326484 0.777625
vt 0.326484 0.787921
vt 0.328256 0.777623
vt 0.328256 0.787920
vt 0.329862 0.777618
vt 0.329862 0.787914
vt 0.321882 0.787901
vt 0.320528 0.787934
vt 0.320528 0.777641
vt 0.321882 0.777609
vt 0.318878 0.787953
vt 0.318878 0.777660
vt 0.317093 0.787957
vt 0.317093 0.777664
vt 0.315349 0.787946
vt 0.315349 0.777653
vt 0.313815 0.787920
vt 0.313815 0.777627
vt 0.345389 0.787908
vt 0.343686 0.787905
vt 0.343686 0.777609
vt 0.345389 0.777611
vt 0.341895 0.787905
vt 0.341895 0.777609
vt 0.340191 0.787908
vt 0.340191 0.777611
vt 0.338741 0.787912
vt 0.338741 0.777615
vt 0.313815 0.787911
vt 0.312367 0.787907
vt 0.312367 0.777611
vt 0.313815 0.777615
vt 0.310663 0.787905
vt 0.310663 0.777609
vt 0.308872 0.787905
vt 0.308872 0.777609
vt 0.307169 0.787907
vt 0.307169 0.777611
vt 0.793873 0.063364
vt 0.807053 0.063614
vt 0.803868 0.085671
vt 0.791990 0.085445
vt 0.778878 0.063232
vt 0.778477 0.085327
vt 0.763537 0.063232
vt 0.764652 0.085327
vt 0.749351 0.063364
vt 0.751867 0.085445
vt 0.737709 0.063614
vt 0.741376 0.085671
vt 0.751102 0.524954
vt 0.737298 0.525016
vt 0.740082 0.503070
vt 0.752522 0.503014
vt 0.766338 0.524921
vt 0.766253 0.502984
vt 0.781515 0.524921
vt 0.779930 0.502984
vt 0.795146 0.524954
vt 0.792214 0.503014
vt 0.805898 0.525016
vt 0.801903 0.503070
vt 0.445339 0.359907
vt 0.454395 0.359864
vt 0.450050 0.381823
vt 0.441889 0.381861
vt 0.432878 0.359935
vt 0.430659 0.381886
vt 0.418232 0.359944
vt 0.417460 0.381895
vt 0.402835 0.359935
vt 0.403585 0.381886
vt 0.388195 0.359907
vt 0.390391 0.381861
vt 0.375743 0.359864
vt 0.379169 0.381823
vt 0.350398 0.546952
vt 0.362863 0.546922
vt 0.359413 0.568875
vt 0.348180 0.568902
vt 0.335750 0.546962
vt 0.334979 0.568911
vt 0.320353 0.546952
vt 0.321104 0.568902
vt 0.305714 0.546922
vt 0.307911 0.568875
vt 0.304666 0.524972
vt 0.320000 0.525003
vt 0.305744 0.503007
vt 0.320382 0.503037
vt 0.807156 0.019715
vt 0.808611 0.041619
vt 0.794805 0.041357
vt 0.793976 0.019465
vt 0.779098 0.041219
vt 0.778981 0.019334
vt 0.763028 0.041219
vt 0.763641 0.019334
vt 0.748168 0.041357
vt 0.749455 0.019465
vt 0.735973 0.041619
vt 0.737813 0.019715
vt 0.737350 0.568930
vt 0.735973 0.546962
vt 0.750433 0.546897
vt 0.751153 0.568868
vt 0.766392 0.546863
vt 0.766389 0.568836
vt 0.782290 0.546863
vt 0.781565 0.568836
vt 0.796569 0.546897
vt 0.795196 0.568868
vt 0.807831 0.546962
vt 0.805948 0.568930
vt 0.454421 0.315949
vt 0.456491 0.337912
vt 0.447005 0.337957
vt 0.445365 0.315992
vt 0.433952 0.337986
vt 0.432905 0.316019
vt 0.418610 0.337996
vt 0.418259 0.316029
vt 0.402482 0.337986
vt 0.402863 0.316019
vt 0.387146 0.337957
vt 0.388222 0.315992
vt 0.374102 0.337912
vt 0.375770 0.315949
vt 0.362891 0.503007
vt 0.364529 0.524972
vt 0.351472 0.525003
vt 0.350426 0.503037
vt 0.336128 0.525014
vt 0.335779 0.503047
vt 0.373705 0.555938
vt 0.371755 0.556077
vt 0.372016 0.542288
vt 0.373966 0.542209
vt 0.734017 0.527094
vt 0.735973 0.527196
vt 0.735942 0.542444
vt 0.733986 0.542408
vt 0.372154 0.526602
vt 0.374102 0.526591
vt 0.372154 0.510553
vt 0.374102 0.510611
vt 0.372016 0.495713
vt 0.373966 0.495835
vt 0.371755 0.483534
vt 0.373705 0.483708
vt 0.920385 0.870149
vt 0.922341 0.870018
vt 0.922406 0.884459
vt 0.920449 0.884527
vt 0.922440 0.900397
vt 0.920483 0.900397
vt 0.922440 0.916274
vt 0.920483 0.916205
vt 0.922406 0.930534
vt 0.920449 0.930403
vt 0.922341 0.941782
vt 0.920385 0.941603
vt 0.920385 0.787934
vt 0.922341 0.787737
vt 0.922386 0.797211
vt 0.920429 0.797367
vt 0.922415 0.810247
vt 0.920458 0.810347
vt 0.922425 0.825568
vt 0.920468 0.825602
vt 0.922415 0.841675
vt 0.920458 0.841639
vt 0.922386 0.856992
vt 0.920430 0.856889
vt 0.922341 0.870018
vt 0.920385 0.869859
vt 0.735973 0.586723
vt 0.734017 0.586878
vt 0.733986 0.573838
vt 0.735942 0.573739
vt 0.733975 0.558515
vt 0.735931 0.558482
vt 0.636370 0.844215
vt 0.636312 0.872383
vt 0.588276 0.872351
vt 0.588333 0.844183
vt 0.636293 0.902009
vt 0.588256 0.901977
vt 0.636312 0.930194
vt 0.588276 0.930162
vt 0.636370 0.954179
vt 0.588333 0.954147
vt 0.608824 0.589601
vt 0.608907 0.565641
vt 0.656943 0.565671
vt 0.656860 0.589630
vt 0.608960 0.537469
vt 0.656996 0.537499
vt 0.608978 0.507843
vt 0.657015 0.507873
vt 0.608960 0.479662
vt 0.656996 0.479692
vt 0.608907 0.455685
vt 0.656943 0.455715
vt 0.608824 0.438260
vt 0.656860 0.438289
vt 0.831097 0.919791
vt 0.831216 0.899102
vt 0.879252 0.899047
vt 0.879133 0.919735
vt 0.831279 0.872873
vt 0.879315 0.872817
vt 0.831279 0.843671
vt 0.879315 0.843615
vt 0.831216 0.814354
vt 0.879252 0.814299
vt 0.831097 0.787793
vt 0.879133 0.787737
vt 0.787387 0.743039
vt 0.787868 0.765441
vt 0.739850 0.765328
vt 0.739368 0.742926
vt 0.788121 0.792737
vt 0.740103 0.792624
vt 0.788121 0.822256
vt 0.740103 0.822143
vt 0.787868 0.851108
vt 0.739850 0.850996
vt 0.787387 0.876469
vt 0.739368 0.876357
vt 0.792399 0.000120
vt 0.804425 0.000348
vt 0.778717 0.000000
vt 0.764719 0.000000
vt 0.751775 0.000120
vt 0.741152 0.000348
vt 0.752456 0.588353
vt 0.739861 0.588409
vt 0.766358 0.588323
vt 0.780206 0.588323
vt 0.792644 0.588353
vt 0.802454 0.588409
vt 0.442333 0.296520
vt 0.450596 0.296480
vt 0.430963 0.296545
vt 0.417600 0.296553
vt 0.403551 0.296545
vt 0.390192 0.296520
vt 0.378830 0.296480
vt 0.348487 0.483561
vt 0.359861 0.483534
vt 0.335122 0.483570
vt 0.321073 0.483561
vt 0.307716 0.483534
vt 0.547330 0.367712
vt 0.551671 0.354351
vt 0.558185 0.355382
vt 0.553207 0.370701
vt 0.599370 0.813688
vt 0.607525 0.824914
vt 0.602639 0.829801
vt 0.593212 0.816826
vt 0.618751 0.833070
vt 0.615613 0.839227
vt 0.539072 0.379078
vt 0.543740 0.383732
vt 0.551671 0.340302
vt 0.558185 0.339275
vt 0.595082 0.800492
vt 0.588256 0.801573
vt 0.547330 0.326941
vt 0.553208 0.323956
vt 0.595082 0.786616
vt 0.588256 0.785536
vt 0.539073 0.315575
vt 0.543740 0.310925
vt 0.599370 0.773420
vt 0.593212 0.770283
vt 0.527707 0.307317
vt 0.530710 0.301458
vt 0.607525 0.762195
vt 0.602639 0.757308
vt 0.514346 0.302976
vt 0.515392 0.296480
vt 0.618751 0.754039
vt 0.615613 0.747882
vt 0.500298 0.302976
vt 0.499285 0.296480
vt 0.631947 0.749751
vt 0.630866 0.742926
vt 0.486937 0.307317
vt 0.483966 0.301458
vt 0.645823 0.749751
vt 0.646904 0.742926
vt 0.475571 0.315575
vt 0.470936 0.310925
vt 0.659019 0.754039
vt 0.662156 0.747882
vt 0.467314 0.326941
vt 0.461468 0.323956
vt 0.670245 0.762195
vt 0.675131 0.757309
vt 0.462972 0.340302
vt 0.456491 0.339275
vt 0.678401 0.773420
vt 0.684557 0.770283
vt 0.462972 0.354351
vt 0.456491 0.355382
vt 0.682688 0.786617
vt 0.689513 0.785536
vt 0.467313 0.367712
vt 0.461468 0.370701
vt 0.682688 0.800492
vt 0.689513 0.801573
vt 0.475571 0.379078
vt 0.470935 0.383732
vt 0.678400 0.813688
vt 0.684557 0.816826
vt 0.486936 0.387336
vt 0.483966 0.393199
vt 0.670245 0.824914
vt 0.675131 0.829801
vt 0.500297 0.391677
vt 0.499284 0.398176
vt 0.659019 0.833070
vt 0.662156 0.839227
vt 0.514346 0.391677
vt 0.515391 0.398176
vt 0.645823 0.837358
vt 0.646903 0.844183
vt 0.527707 0.387336
vt 0.530709 0.393199
vt 0.631947 0.837358
vt 0.630866 0.844183
vt 0.468640 0.742959
vt 0.481832 0.742977
vt 0.481832 0.951282
vt 0.468640 0.951264
vt 0.904987 0.208484
vt 0.916865 0.208681
vt 0.916865 0.416909
vt 0.904987 0.416711
vt 0.891473 0.208397
vt 0.891473 0.416625
vt 0.877648 0.208430
vt 0.877648 0.416657
vt 0.864864 0.208578
vt 0.864864 0.416806
vt 0.854373 0.208828
vt 0.854373 0.417056
vt 0.538875 0.951241
vt 0.526435 0.951283
vt 0.526435 0.742981
vt 0.538875 0.742940
vt 0.552606 0.951228
vt 0.552606 0.742926
vt 0.566283 0.951243
vt 0.566283 0.742942
vt 0.578567 0.951287
vt 0.578567 0.742985
vt 0.588256 0.951354
vt 0.588256 0.743052
vt 0.917092 0.000044
vt 0.925254 -0.000000
vt 0.925254 0.208305
vt 0.917092 0.208349
vt 0.905863 0.000076
vt 0.905863 0.208380
vt 0.892664 0.000092
vt 0.892664 0.208397
vt 0.878789 0.000092
vt 0.878789 0.208397
vt 0.865595 0.000076
vt 0.865594 0.208380
vt 0.854373 0.000044
vt 0.854373 0.208348
vt 0.508908 0.742959
vt 0.520142 0.742925
vt 0.520142 0.951230
vt 0.508908 0.951264
vt 0.495708 0.742977
vt 0.495708 0.951282
vt -0.000000 0.404820
vt 0.000000 0.375194
vt 0.311937 0.421367
vt 0.320092 0.410141
vt 0.364947 0.432996
vt 0.347534 0.456965
vt 0.009155 0.432997
vt 0.300711 0.429522
vt 0.323566 0.474379
vt 0.026569 0.456965
vt 0.287515 0.433810
vt 0.295390 0.483534
vt 0.050537 0.474379
vt 0.273640 0.433810
vt 0.265765 0.483534
vt 0.078714 0.483534
vt 0.260444 0.429522
vt 0.237589 0.474378
vt 0.108340 0.483534
vt 0.249219 0.421367
vt 0.213621 0.456965
vt 0.136516 0.474379
vt 0.241063 0.410141
vt 0.196208 0.432996
vt 0.160484 0.456965
vt 0.236776 0.396945
vt 0.187053 0.404820
vt 0.177898 0.432996
vt 0.236776 0.383069
vt 0.187054 0.375194
vt 0.187053 0.404820
vt 0.241064 0.369873
vt 0.196209 0.347017
vt 0.187053 0.375194
vt 0.249219 0.358647
vt 0.213622 0.323049
vt 0.177898 0.347017
vt 0.260444 0.350491
vt 0.237590 0.305635
vt 0.160484 0.323049
vt 0.273641 0.346204
vt 0.265766 0.296480
vt 0.136516 0.305635
vt 0.287516 0.346204
vt 0.295391 0.296480
vt 0.108340 0.296480
vt 0.300712 0.350491
vt 0.323567 0.305635
vt 0.078713 0.296480
vt 0.311937 0.358647
vt 0.347534 0.323049
vt 0.050537 0.305635
vt 0.320093 0.369873
vt 0.364948 0.347017
vt 0.026569 0.323049
vt 0.324380 0.383069
vt 0.374102 0.375194
vt 0.009155 0.347017
vt 0.324380 0.396945
vt 0.374102 0.404820
vt 0.525585 0.742925
vt 0.526330 0.742926
vt 0.526303 0.756118
vt 0.525558 0.756117
vt 0.592570 0.358974
vt 0.591825 0.358973
vt 0.592050 0.347095
vt 0.592796 0.347096
vt 0.592169 0.333582
vt 0.592914 0.333583
vt 0.592169 0.319756
vt 0.592914 0.319758
vt 0.592050 0.306972
vt 0.592795 0.306974
vt 0.591825 0.296480
vt 0.592570 0.296482
vt 0.369748 0.676261
vt 0.370494 0.676260
vt 0.370550 0.688700
vt 0.369804 0.688701
vt 0.370579 0.702430
vt 0.369833 0.702431
vt 0.370579 0.716107
vt 0.369833 0.716108
vt 0.370549 0.728391
vt 0.369804 0.728392
vt 0.370494 0.738081
vt 0.369748 0.738082
vt 0.591825 0.358974
vt 0.592570 0.358975
vt 0.592609 0.367136
vt 0.591864 0.367136
vt 0.592634 0.378366
vt 0.591889 0.378365
vt 0.592643 0.391564
vt 0.591897 0.391564
vt 0.592634 0.405440
vt 0.591889 0.405439
vt 0.592609 0.418634
vt 0.591864 0.418633
vt 0.592570 0.429855
vt 0.591825 0.429855
vt 0.526330 0.794427
vt 0.525585 0.794427
vt 0.525558 0.783193
vt 0.526303 0.783194
vt 0.525549 0.769993
vt 0.526294 0.769993
vt 0.803378 0.294290
vt 0.791500 0.294065
vt 0.777987 0.293946
vt 0.764161 0.293946
vt 0.751377 0.294065
vt 0.740885 0.294290
vt 0.739841 0.294375
vt 0.752281 0.294320
vt 0.766012 0.294290
vt 0.779688 0.294290
vt 0.791973 0.294320
vt 0.801662 0.294375
vt 0.449921 0.590520
vt 0.441760 0.590559
vt 0.430530 0.590584
vt 0.417332 0.590592
vt 0.403456 0.590584
vt 0.390262 0.590559
vt 0.379040 0.590520
vt 0.359275 0.777572
vt 0.348041 0.777599
vt 0.334841 0.777609
vt 0.320965 0.777599
vt 0.307773 0.777573
vt 0.683284 0.896872
vt 0.683049 0.909234
vt 0.679281 0.909225
vt 0.679516 0.896863
vt 0.683407 0.882807
vt 0.679639 0.882798
vt 0.683407 0.868418
vt 0.679639 0.868409
vt 0.683284 0.855112
vt 0.679516 0.855103
vt 0.683049 0.844192
vt 0.679281 0.844183
vt 0.521749 0.869093
vt 0.521691 0.856145
vt 0.525460 0.856141
vt 0.525518 0.869089
vt 0.521780 0.883384
vt 0.525549 0.883379
vt 0.521780 0.897618
vt 0.525549 0.897614
vt 0.521749 0.910404
vt 0.525518 0.910400
vt 0.521691 0.920489
vt 0.525460 0.920484
vt 0.848667 0.503560
vt 0.848627 0.495066
vt 0.852396 0.495068
vt 0.852436 0.503563
vt 0.848693 0.515248
vt 0.852462 0.515250
vt 0.848702 0.528985
vt 0.852471 0.528987
vt 0.848693 0.543427
vt 0.852462 0.543429
vt 0.848667 0.557159
vt 0.852436 0.557162
vt 0.848627 0.568839
vt 0.852396 0.568841
vt 0.733325 0.573966
vt 0.733353 0.585658
vt 0.729584 0.585655
vt 0.729556 0.573964
vt 0.733316 0.560227
vt 0.729547 0.560224
vt 0.733325 0.545785
vt 0.729556 0.545783
vt 0.733353 0.532055
vt 0.729584 0.532052
vt 0.687352 0.896871
vt 0.687118 0.909234
vt 0.683407 0.909225
vt 0.683641 0.896863
vt 0.687476 0.882807
vt 0.683765 0.882798
vt 0.687476 0.868418
vt 0.683765 0.868409
vt 0.687352 0.855112
vt 0.683641 0.855103
vt 0.687118 0.844192
vt 0.683407 0.844183
vt 0.936520 0.538216
vt 0.936462 0.525268
vt 0.940174 0.525264
vt 0.940233 0.538211
vt 0.936551 0.552506
vt 0.940263 0.552502
vt 0.936551 0.566741
vt 0.940263 0.566737
vt 0.936520 0.579527
vt 0.940233 0.579522
vt 0.936462 0.589611
vt 0.940174 0.589607
vt 0.369785 0.829559
vt 0.369744 0.821064
vt 0.373456 0.821067
vt 0.373497 0.829561
vt 0.369810 0.841246
vt 0.373523 0.841249
vt 0.369819 0.854983
vt 0.373532 0.854986
vt 0.369810 0.869425
vt 0.373523 0.869427
vt 0.369785 0.883158
vt 0.373497 0.883160
vt 0.369744 0.894837
vt 0.373456 0.894839
vt 0.944028 0.872397
vt 0.944056 0.884089
vt 0.940344 0.884087
vt 0.940316 0.872395
vt 0.944019 0.858658
vt 0.940306 0.858656
vt 0.944028 0.844217
vt 0.940316 0.844214
vt 0.944056 0.830486
vt 0.940344 0.830484
vt 0.001810 0.834359
vt 0.003980 0.848064
vt 0.002259 0.848623
vt 0.000000 0.834359
vt 0.276950 0.834359
vt 0.274691 0.848623
vt 0.003980 0.820654
vt 0.002259 0.820095
vt 0.274691 0.820095
vt 0.010279 0.808291
vt 0.008816 0.807227
vt 0.268135 0.807227
vt 0.020091 0.798480
vt 0.019027 0.797016
vt 0.257923 0.797016
vt 0.032454 0.792180
vt 0.031895 0.790459
vt 0.245056 0.790459
vt 0.046159 0.790010
vt 0.046159 0.788200
vt 0.230793 0.788200
vt 0.059863 0.792180
vt 0.060423 0.790459
vt 0.216529 0.790459
vt 0.072227 0.798480
vt 0.073290 0.797016
vt 0.203662 0.797016
vt 0.082038 0.808291
vt 0.083502 0.807227
vt 0.193450 0.807227
vt 0.088337 0.820654
vt 0.090058 0.820095
vt 0.186894 0.820095
vt 0.090508 0.834359
vt 0.092318 0.834359
vt 0.184635 0.834359
vt 0.088337 0.848064
vt 0.090058 0.848623
vt 0.186894 0.848623
vt 0.082038 0.860427
vt 0.083502 0.861490
vt 0.193450 0.861490
vt 0.072227 0.870238
vt 0.073290 0.871702
vt 0.203662 0.871702
vt 0.059863 0.876538
vt 0.060423 0.878258
vt 0.216529 0.878258
vt 0.046159 0.878708
vt 0.046159 0.880518
vt 0.230793 0.880518
vt 0.032454 0.876538
vt 0.031895 0.878258
vt 0.245056 0.878258
vt 0.020091 0.870238
vt 0.019027 0.871702
vt 0.257923 0.871702
vt 0.010279 0.860427
vt 0.008815 0.861490
vt 0.268135 0.861490
vt 0.094127 0.834359
vt 0.096298 0.848064
vt 0.094577 0.848623
vt 0.092318 0.834359
vt 0.365286 0.848064
vt 0.367456 0.834359
vt 0.369266 0.834359
vt 0.367006 0.848623
vt 0.096298 0.820654
vt 0.094577 0.820095
vt 0.365286 0.820654
vt 0.367006 0.820095
vt 0.102597 0.808291
vt 0.101133 0.807227
vt 0.358986 0.808291
vt 0.360450 0.807227
vt 0.112408 0.798480
vt 0.111345 0.797016
vt 0.349175 0.798480
vt 0.350239 0.797016
vt 0.124772 0.792180
vt 0.124212 0.790459
vt 0.336812 0.792180
vt 0.337371 0.790459
vt 0.138476 0.790010
vt 0.138476 0.788200
vt 0.323108 0.790010
vt 0.323108 0.788200
vt 0.152181 0.792180
vt 0.152740 0.790459
vt 0.309404 0.792180
vt 0.308844 0.790459
vt 0.164544 0.798480
vt 0.165608 0.797016
vt 0.297041 0.798479
vt 0.295977 0.797016
vt 0.174356 0.808291
vt 0.175819 0.807227
vt 0.287230 0.808291
vt 0.285766 0.807227
vt 0.180655 0.820654
vt 0.182376 0.820095
vt 0.280930 0.820654
vt 0.279209 0.820095
vt 0.182826 0.834359
vt 0.184635 0.834359
vt 0.278760 0.834359
vt 0.276950 0.834359
vt 0.180655 0.848064
vt 0.182376 0.848623
vt 0.280930 0.848063
vt 0.279209 0.848623
vt 0.174356 0.860427
vt 0.175819 0.861490
vt 0.287230 0.860427
vt 0.285766 0.861490
vt 0.164544 0.870238
vt 0.165608 0.871702
vt 0.297041 0.870238
vt 0.295977 0.871702
vt 0.152181 0.876538
vt 0.152740 0.878258
vt 0.309404 0.876537
vt 0.308844 0.878258
vt 0.138476 0.878708
vt 0.138476 0.880518
vt 0.323108 0.878708
vt 0.323108 0.880518
vt 0.124772 0.876538
vt 0.124212 0.878258
vt 0.336812 0.876538
vt 0.337371 0.878258
vt 0.112408 0.870238
vt 0.111345 0.871702
vt 0.349175 0.870238
vt 0.350239 0.871702
vt 0.102597 0.860427
vt 0.101133 0.861490
vt 0.358986 0.860427
vt 0.360450 0.861490
vt 0.032478 0.880520
vt 0.040624 0.880519
vt 0.040624 0.938753
vt 0.032478 0.938754
vt 0.047111 0.880518
vt 0.047111 0.938751
vt 0.902248 0.525647
vt 0.910485 0.527112
vt 0.910485 0.581062
vt 0.902248 0.579597
vt 0.919521 0.527547
vt 0.919521 0.581498
vt 0.928472 0.526911
vt 0.928472 0.580861
vt 0.936462 0.525264
vt 0.936462 0.579214
vt 0.739368 0.876472
vt 0.745813 0.876471
vt 0.745813 0.934704
vt 0.739368 0.934706
vt 0.753931 0.876470
vt 0.753931 0.934703
vt 0.762930 0.876469
vt 0.762930 0.934703
vt 0.771927 0.876470
vt 0.771927 0.934703
vt 0.780042 0.876471
vt 0.780042 0.934704
vt 0.786480 0.876472
vt 0.786480 0.934706
vt 0.136752 0.884381
vt 0.144891 0.881490
vt 0.144891 0.922688
vt 0.136752 0.925579
vt 0.153897 0.880518
vt 0.153897 0.921716
vt 0.162886 0.881560
vt 0.162886 0.922758
vt 0.170980 0.884515
vt 0.170980 0.925713
vt 0.000000 0.880518
vt 0.006396 0.880519
vt 0.006396 0.938753
vt 0.000000 0.938751
vt 0.014484 0.880520
vt 0.014484 0.938754
vt 0.023471 0.880520
vt 0.023471 0.938754
vt 0.704168 0.581656
vt 0.697125 0.586919
vt 0.684494 0.560841
vt 0.709284 0.574354
vt 0.711974 0.565730
vt 0.711974 0.556628
vt 0.709284 0.547938
vt 0.704168 0.540511
vt 0.697126 0.535074
vt 0.688847 0.532159
vt 0.680142 0.532052
vt 0.671863 0.534763
vt 0.664821 0.540027
vt 0.659705 0.547328
vt 0.657015 0.555952
vt 0.657015 0.565055
vt 0.659705 0.573745
vt 0.664821 0.581172
vt 0.671863 0.586609
vt 0.680142 0.589523
vt 0.688847 0.589630
vt 0.337452 0.906284
vt 0.340238 0.907841
vt 0.335987 0.919049
vt 0.342608 0.910495
vt 0.344330 0.913987
vt 0.345235 0.917974
vt 0.345235 0.922066
vt 0.344330 0.925863
vt 0.342608 0.928993
vt 0.340238 0.931149
vt 0.337452 0.932122
vt 0.334522 0.931814
vt 0.331736 0.930257
vt 0.329366 0.927603
vt 0.327644 0.924112
vt 0.326739 0.920125
vt 0.326739 0.916033
vt 0.327644 0.912235
vt 0.329366 0.909106
vt 0.331736 0.906949
vt 0.334522 0.905977
vt 0.070824 0.881198
vt 0.076991 0.884645
vt 0.074339 0.891638
vt 0.069910 0.889163
vt 0.082237 0.890519
vt 0.078106 0.895856
vt 0.086048 0.898247
vt 0.080843 0.901406
vt 0.088052 0.907072
vt 0.082282 0.907744
vt 0.088052 0.916130
vt 0.082282 0.914248
vt 0.086048 0.924535
vt 0.080843 0.920284
vt 0.082237 0.931463
vt 0.078106 0.925259
vt 0.076991 0.936237
vt 0.074338 0.928687
vt 0.070824 0.938389
vt 0.069910 0.930232
vt 0.064339 0.937708
vt 0.065253 0.929744
vt 0.058172 0.934262
vt 0.060824 0.927269
vt 0.052926 0.928387
vt 0.057057 0.923050
vt 0.049115 0.920659
vt 0.054320 0.917500
vt 0.047111 0.911834
vt 0.052881 0.911163
vt 0.047111 0.902776
vt 0.052881 0.904658
vt 0.049115 0.894372
vt 0.054320 0.898623
vt 0.052926 0.887443
vt 0.057057 0.893647
vt 0.058172 0.882670
vt 0.060824 0.890219
vt 0.064339 0.880518
vt 0.065253 0.888674
vt 0.917714 0.811061
vt 0.917715 0.816910
vt 0.907374 0.816910
vt 0.907373 0.811061
vt 0.917716 0.821569
vt 0.907375 0.821569
vt 0.925254 0.198880
vt 0.926372 0.192978
vt 0.935951 0.193085
vt 0.934833 0.198988
vt 0.926757 0.186493
vt 0.936337 0.186600
vt 0.926372 0.180060
vt 0.935951 0.180167
vt 0.925254 0.174309
vt 0.934833 0.174417
vt 0.912589 0.480885
vt 0.912590 0.485512
vt 0.902249 0.485512
vt 0.902248 0.480885
vt 0.912590 0.491343
vt 0.902250 0.491343
vt 0.912591 0.497804
vt 0.902250 0.497804
vt 0.912590 0.504265
vt 0.902250 0.504265
vt 0.912590 0.510093
vt 0.902249 0.510093
vt 0.912589 0.514717
vt 0.902248 0.514717
vt 0.914689 0.821569
vt 0.916788 0.827406
vt 0.909472 0.827434
vt 0.907373 0.821597
vt 0.917511 0.833870
vt 0.910196 0.833898
vt 0.916788 0.840328
vt 0.909472 0.840357
vt 0.914689 0.846149
vt 0.907373 0.846178
vt 0.917716 0.787737
vt 0.917715 0.792331
vt 0.907374 0.792331
vt 0.907375 0.787737
vt 0.917714 0.798138
vt 0.907373 0.798138
vt 0.917714 0.804592
vt 0.907373 0.804592
vt 0.255089 0.881006
vt 0.259518 0.883481
vt 0.257012 0.890089
vt 0.254226 0.888532
vt 0.263285 0.887700
vt 0.259382 0.892743
vt 0.266022 0.893250
vt 0.261104 0.896234
vt 0.267461 0.899587
vt 0.262009 0.900221
vt 0.267461 0.906092
vt 0.262009 0.904313
vt 0.266022 0.912127
vt 0.261104 0.908110
vt 0.263285 0.917103
vt 0.259382 0.911240
vt 0.259518 0.920531
vt 0.257012 0.913397
vt 0.255089 0.922076
vt 0.254226 0.914369
vt 0.250433 0.921587
vt 0.251296 0.914062
vt 0.246004 0.919113
vt 0.248510 0.912505
vt 0.242237 0.914894
vt 0.246140 0.909851
vt 0.239499 0.909344
vt 0.244418 0.906359
vt 0.238061 0.903007
vt 0.243513 0.902373
vt 0.238061 0.896502
vt 0.243513 0.898280
vt 0.239500 0.890466
vt 0.244418 0.894483
vt 0.242237 0.885491
vt 0.246140 0.891353
vt 0.246004 0.882063
vt 0.248510 0.889197
vt 0.250433 0.880518
vt 0.251296 0.888224
vt 0.853908 0.509775
vt 0.853908 0.513441
vt 0.852472 0.513441
vt 0.852472 0.509775
vt 0.853907 0.516350
vt 0.852471 0.516350
vt 0.366304 0.788085
vt 0.364984 0.784413
vt 0.366000 0.784409
vt 0.367320 0.788081
vt 0.364529 0.780347
vt 0.365545 0.780343
vt 0.364984 0.776284
vt 0.366000 0.776280
vt 0.366304 0.772622
vt 0.367320 0.772618
vt 0.369266 0.809484
vt 0.369266 0.806594
vt 0.370702 0.806594
vt 0.370702 0.809484
vt 0.369267 0.802940
vt 0.370703 0.802940
vt 0.369267 0.798880
vt 0.370703 0.798880
vt 0.369267 0.794811
vt 0.370703 0.794811
vt 0.369266 0.791131
vt 0.370702 0.791131
vt 0.369266 0.788200
vt 0.370702 0.788200
vt 0.374031 0.556091
vt 0.373328 0.559805
vt 0.371997 0.559790
vt 0.372701 0.556077
vt 0.373085 0.563884
vt 0.371755 0.563869
vt 0.373328 0.567931
vt 0.371997 0.567917
vt 0.374031 0.571549
vt 0.372701 0.571535
vt 0.853907 0.495066
vt 0.853908 0.497977
vt 0.852472 0.497977
vt 0.852471 0.495066
vt 0.853908 0.501645
vt 0.852472 0.501645
vt 0.853908 0.505710
vt 0.852472 0.505710
vt 0.807850 0.494658
vt 0.807851 0.479337
vt 0.831191 0.479749
vt 0.831191 0.495066
vt 0.831383 0.495066
vt 0.831191 0.479203
vt 0.853386 0.479204
vt 0.853124 0.495066
vt 0.114635 0.942826
vt 0.108389 0.952501
vt 0.088052 0.941031
vt 0.094295 0.931365
vt 0.304795 0.912217
vt 0.304544 0.896368
vt 0.326739 0.896367
vt 0.326536 0.912217
vt 0.326739 0.880518
vt 0.346791 0.882763
vt 0.346791 0.905977
vt 0.326739 0.903731
vt 0.099837 0.916961
vt 0.101194 0.919406
vt 0.096714 0.931048
vt 0.120177 0.928422
vt 0.117758 0.928739
vt 0.113279 0.940381
vt 0.711974 0.532125
vt 0.729547 0.532052
vt 0.729222 0.547226
vt 0.711974 0.547341
vt 0.680237 0.018532
vt 0.684474 0.000000
vt 0.702896 0.010256
vt 0.692905 0.026639
vt 0.285033 0.949238
vt 0.267461 0.949374
vt 0.267786 0.927589
vt 0.285033 0.927497
vt 0.097270 0.919650
vt 0.115686 0.924284
vt 0.728045 0.585457
vt 0.713673 0.585553
vt 0.735973 0.054112
vt 0.720630 0.059619
vt 0.268980 0.880594
vt 0.283352 0.880518
vt 0.088052 0.885114
vt 0.101149 0.880518
vt 0.670621 0.434465
vt 0.657306 0.434465
vt 0.659650 0.374436
vt 0.673245 0.374436
vt 0.705694 0.117707
vt 0.693640 0.113608
vt 0.854373 0.460421
vt 0.844483 0.462781
vt 0.822632 0.396025
vt 0.832730 0.393615
vt 0.916865 0.208397
vt 0.927693 0.217007
vt 0.942277 0.275273
vt 0.932948 0.276705
vt 0.669266 0.288499
vt 0.655393 0.288499
vt 0.643840 0.216690
vt 0.657713 0.216690
vt 0.673245 0.197742
vt 0.685299 0.201841
vt 0.687915 0.275253
vt 0.675502 0.275285
vt 0.818916 0.308315
vt 0.808611 0.310774
vt 0.811870 0.239562
vt 0.822175 0.237103
vt 0.939706 0.362900
vt 0.949035 0.361467
vt 0.939794 0.436426
vt 0.930603 0.433763
vt 0.642429 0.132627
vt 0.628555 0.132627
vt 0.611601 0.059744
vt 0.623468 0.059744
vt 0.682324 0.367627
vt 0.694849 0.363379
vt 0.710429 0.448359
vt 0.699716 0.451992
vt 0.828955 0.152209
vt 0.818650 0.154668
vt 0.832426 0.074078
vt 0.841240 0.071975
vt 0.809256 0.148568
vt 0.824390 0.068861
vt 0.849769 0.000000
vt 0.854373 0.002990
vt 0.669824 0.488269
vt 0.657015 0.488269
vt 0.659765 0.438260
vt 0.667103 0.438260
vt 0.735973 0.525012
vt 0.729835 0.527094
vt 0.592953 0.000000
vt 0.599752 0.000000
vt 0.807831 0.464154
vt 0.831173 0.464562
vt 0.831439 0.463340
vt 0.853181 0.463340
vt 0.908913 0.924237
vt 0.908903 0.900953
vt 0.920385 0.902016
vt 0.920385 0.925300
vt 0.304732 0.880518
vt 0.326474 0.880518
vt 0.925728 0.524815
vt 0.916865 0.518027
vt 0.001759 0.547916
vt 0.009043 0.525498
vt 0.076171 0.559702
vt 0.001759 0.571487
vt 0.009043 0.593905
vt 0.022898 0.612975
vt 0.041967 0.626830
vt 0.064385 0.634114
vt 0.087957 0.634114
vt 0.110375 0.626830
vt 0.129444 0.612975
vt 0.143299 0.593905
vt 0.150583 0.571487
vt 0.150583 0.547916
vt 0.143299 0.525498
vt 0.129444 0.506428
vt 0.110375 0.492573
vt 0.087957 0.485289
vt 0.064385 0.485289
vt 0.041967 0.492573
vt 0.022898 0.506428
vt 0.295576 0.677883
vt 0.302860 0.700300
vt 0.228448 0.712084
vt 0.302860 0.723872
vt 0.295576 0.746289
vt 0.281721 0.765358
vt 0.262652 0.779212
vt 0.240234 0.786496
vt 0.216663 0.786495
vt 0.194245 0.779211
vt 0.175176 0.765356
vt 0.161321 0.746286
vt 0.154037 0.723868
vt 0.154037 0.700297
vt 0.161321 0.677879
vt 0.175176 0.658810
vt 0.194245 0.644956
vt 0.216663 0.637673
vt 0.240234 0.637673
vt 0.262652 0.644958
vt 0.281721 0.658813
vt 0.009732 0.626134
vt 0.000000 0.612739
vt 0.304662 0.765073
vt 0.294930 0.778468
vt 0.023128 0.635867
vt 0.281534 0.788200
vt 0.142601 0.626134
vt 0.129205 0.635866
vt 0.175458 0.788197
vt 0.162063 0.778465
vt 0.152333 0.612739
vt 0.152331 0.765069
vt 0.142601 0.493266
vt 0.152333 0.506661
vt 0.152331 0.658993
vt 0.162063 0.645598
vt 0.129205 0.483534
vt 0.175458 0.635867
vt 0.009732 0.493266
vt 0.023128 0.483534
vt 0.281534 0.635869
vt 0.294930 0.645602
vt 0.000000 0.506661
vt 0.304662 0.658997
vt 0.917751 0.805231
vt 0.920385 0.805231
vt 0.920352 0.829397
vt 0.917718 0.829397
vt 0.917716 0.787737
vt 0.920349 0.787737
vt 0.851259 0.588605
vt 0.848626 0.588634
vt 0.848677 0.579388
vt 0.851309 0.579359
vt 0.848626 0.568871
vt 0.851259 0.568841
vt 0.826083 0.885535
vt 0.828716 0.885549
vt 0.828716 0.901108
vt 0.826083 0.901094
vt 0.916142 0.500494
vt 0.913509 0.500464
vt 0.913737 0.475140
vt 0.916369 0.475170
vt 0.913731 0.455648
vt 0.916364 0.455678
vt 0.913491 0.436426
vt 0.916124 0.436456
vt 0.913737 0.417056
vt 0.916369 0.417085
vt 0.370794 0.708203
vt 0.373428 0.708195
vt 0.373489 0.717877
vt 0.370855 0.717885
vt 0.373532 0.728563
vt 0.370898 0.728571
vt 0.373461 0.740143
vt 0.370828 0.740151
vt 0.373508 0.765196
vt 0.370874 0.765204
vt 0.373497 0.783925
vt 0.370864 0.783933
vt 0.373428 0.801674
vt 0.370794 0.801682
vt 0.373481 0.821056
vt 0.370847 0.821064
vt 0.589136 0.296480
vt 0.591770 0.296481
vt 0.591802 0.302833
vt 0.589169 0.302832
vt 0.591825 0.311573
vt 0.589191 0.311572
vt 0.591788 0.329055
vt 0.589154 0.329054
vt 0.591812 0.353231
vt 0.589179 0.353231
vt 0.591807 0.374387
vt 0.589173 0.374386
vt 0.591770 0.398556
vt 0.589136 0.398555
vt 0.591798 0.416046
vt 0.589164 0.416045
vt 0.591771 0.424780
vt 0.589137 0.424779
vt 0.920376 0.900953
vt 0.917742 0.900953
vt 0.917716 0.892210
vt 0.920349 0.892210
vt 0.917751 0.874732
vt 0.920385 0.874732
vt 0.917718 0.850552
vt 0.920352 0.850552
vt 0.991282 0.818681
vt 0.991251 0.841092
vt 0.974708 0.841092
vt 0.974739 0.818681
vt 0.991251 0.864663
vt 0.974708 0.864663
vt 0.991282 0.887088
vt 0.974739 0.887088
vt 0.981318 0.905915
vt 0.981359 0.919319
vt 0.974742 0.919319
vt 0.974701 0.905915
vt 0.933651 0.973091
vt 0.933689 0.959700
vt 0.940306 0.959700
vt 0.940268 0.973091
vt 0.923729 0.940861
vt 0.923757 0.918446
vt 0.940300 0.918446
vt 0.940271 0.940861
vt 0.923757 0.894875
vt 0.940300 0.894875
vt 0.923729 0.872453
vt 0.940271 0.872453
vt 0.933689 0.853623
vt 0.933651 0.840223
vt 0.940268 0.840223
vt 0.940306 0.853623
vt 0.933599 0.830484
vt 0.940216 0.830484
vt 0.969834 0.312721
vt 0.969889 0.296260
vt 0.986432 0.296201
vt 0.986376 0.312662
vt 0.969889 0.275392
vt 0.986432 0.275333
vt 0.969834 0.252158
vt 0.986376 0.252099
vt 0.979828 0.239649
vt 0.979754 0.223265
vt 0.986371 0.223242
vt 0.986445 0.239626
vt 0.979652 0.208421
vt 0.986268 0.208397
vt 0.221090 0.901575
vt 0.221308 0.919402
vt 0.204772 0.919209
vt 0.204555 0.901383
vt 0.221308 0.941120
vt 0.204772 0.940928
vt 0.221090 0.964605
vt 0.204555 0.964413
vt 0.685896 0.909234
vt 0.685973 0.925359
vt 0.679358 0.925433
vt 0.679281 0.909308
vt 0.685896 0.939536
vt 0.679281 0.939610
vt 0.986445 0.333540
vt 0.979828 0.333563
vt 0.204825 0.880518
vt 0.211439 0.880595
vt 0.321002 0.912217
vt 0.321086 0.928976
vt 0.304544 0.928976
vt 0.314385 0.912217
vt 0.974701 0.799837
vt 0.981318 0.799837
vt 0.136714 0.880518
vt 0.136752 0.899362
vt 0.120209 0.899361
vt 0.130097 0.880518
vt 0.946954 0.541389
vt 0.946877 0.555565
vt 0.940263 0.555639
vt 0.940340 0.541463
vt 0.946877 0.525264
vt 0.940263 0.525338
vt 0.830169 0.925020
vt 0.813627 0.924937
vt 0.813627 0.908177
vt 0.820244 0.908210
vt 0.187767 0.940999
vt 0.187570 0.964485
vt 0.171035 0.964307
vt 0.171232 0.940821
vt 0.187749 0.919281
vt 0.171213 0.919103
vt 0.187515 0.901455
vt 0.170980 0.901277
vt 0.187767 0.880589
vt 0.181153 0.880518
vt 0.966392 0.014861
vt 0.966305 0.000017
vt 0.972922 0.000000
vt 0.973009 0.014845
vt 0.966449 0.031246
vt 0.973066 0.031229
vt 0.982910 0.043677
vt 0.966368 0.043719
vt 0.966399 0.066952
vt 0.982941 0.066911
vt 0.966378 0.087821
vt 0.982920 0.087779
vt 0.966305 0.104281
vt 0.982847 0.104240
vt 0.966353 0.125159
vt 0.972969 0.125142
vt 0.949083 0.372844
vt 0.949035 0.363105
vt 0.955651 0.363107
vt 0.955700 0.372846
vt 0.949116 0.386244
vt 0.955733 0.386246
vt 0.965617 0.405081
vt 0.949074 0.405075
vt 0.949094 0.427496
vt 0.965637 0.427502
vt 0.949086 0.451067
vt 0.965628 0.451073
vt 0.949049 0.473482
vt 0.965592 0.473488
vt 0.949077 0.492321
vt 0.955694 0.492324
vt 0.949035 0.505712
vt 0.955651 0.505714
vt 0.136711 0.986595
vt 0.136752 1.000000
vt 0.130135 1.000000
vt 0.130094 0.986595
vt 0.120207 0.967769
vt 0.136750 0.967769
vt 0.136720 0.945344
vt 0.120177 0.945344
vt 0.136720 0.921773
vt 0.120178 0.921772
vt 0.822059 0.632558
vt 0.829343 0.654975
vt 0.821715 0.656183
vt 0.813861 0.632010
vt 0.154087 0.547914
vt 0.161371 0.525496
vt 0.169569 0.524949
vt 0.161715 0.549122
vt 0.152333 0.506661
vt 0.161178 0.507464
vt 0.831097 0.613723
vt 0.822252 0.614525
vt 0.162065 0.493266
vt 0.167526 0.498727
vt 0.821365 0.600327
vt 0.815904 0.605788
vt 0.175460 0.483534
vt 0.176263 0.492379
vt 0.807970 0.590595
vt 0.807167 0.599440
vt 0.194296 0.492572
vt 0.193749 0.500770
vt 0.789135 0.599632
vt 0.789682 0.607830
vt 0.216713 0.485288
vt 0.217922 0.492915
vt 0.766717 0.592348
vt 0.765509 0.599976
vt 0.240285 0.485288
vt 0.239077 0.492915
vt 0.743146 0.592347
vt 0.744354 0.599975
vt 0.262703 0.492572
vt 0.263250 0.500770
vt 0.720728 0.599631
vt 0.720181 0.607829
vt 0.281538 0.483534
vt 0.280736 0.492379
vt 0.701893 0.590592
vt 0.702696 0.599438
vt 0.294933 0.493266
vt 0.289472 0.498727
vt 0.688498 0.600324
vt 0.693959 0.605785
vt 0.304666 0.506661
vt 0.295820 0.507464
vt 0.678766 0.613719
vt 0.687611 0.614522
vt 0.295628 0.525496
vt 0.287430 0.524949
vt 0.687804 0.632554
vt 0.696002 0.632007
vt 0.302911 0.547914
vt 0.295284 0.549122
vt 0.680520 0.654972
vt 0.688148 0.656180
vt 0.302911 0.571486
vt 0.295284 0.570278
vt 0.680520 0.678543
vt 0.688148 0.677335
vt 0.295628 0.593904
vt 0.287430 0.594451
vt 0.687804 0.700961
vt 0.696002 0.701508
vt 0.304666 0.612739
vt 0.295820 0.611936
vt 0.678766 0.719795
vt 0.687611 0.718993
vt 0.294933 0.626134
vt 0.289472 0.620673
vt 0.688498 0.733191
vt 0.693959 0.727730
vt 0.281538 0.635866
vt 0.280736 0.627021
vt 0.701893 0.742923
vt 0.702696 0.734078
vt 0.262703 0.626828
vt 0.263250 0.618630
vt 0.720728 0.733886
vt 0.720181 0.725688
vt 0.240285 0.634112
vt 0.239077 0.626485
vt 0.743146 0.741170
vt 0.744354 0.733543
vt 0.216713 0.634112
vt 0.217922 0.626485
vt 0.766717 0.741171
vt 0.765509 0.733543
vt 0.194296 0.626828
vt 0.193749 0.618630
vt 0.789135 0.733887
vt 0.789682 0.725690
vt 0.175460 0.635866
vt 0.176263 0.627021
vt 0.807970 0.742926
vt 0.807167 0.734080
vt 0.162065 0.626134
vt 0.167526 0.620673
vt 0.821365 0.733194
vt 0.815904 0.727733
vt 0.152333 0.612739
vt 0.161178 0.611936
vt 0.831097 0.719799
vt 0.822252 0.718996
vt 0.161371 0.593904
vt 0.169569 0.594451
vt 0.822059 0.700964
vt 0.813861 0.701511
vt 0.154087 0.571486
vt 0.161715 0.570278
vt 0.829343 0.678546
vt 0.821715 0.677338
vt 0.438485 0.741166
vt 0.416067 0.733882
vt 0.450270 0.666754
vt 0.462056 0.741166
vt 0.484474 0.733882
vt 0.503544 0.720028
vt 0.517399 0.700958
vt 0.524683 0.678540
vt 0.524683 0.654968
vt 0.517399 0.632551
vt 0.503544 0.613481
vt 0.484474 0.599626
vt 0.462056 0.592342
vt 0.438485 0.592342
vt 0.416067 0.599626
vt 0.396997 0.613481
vt 0.383142 0.632551
vt 0.375858 0.654968
vt 0.375858 0.678540
vt 0.383142 0.700958
vt 0.396997 0.720027
vt 0.636753 0.733838
vt 0.614335 0.741122
vt 0.602550 0.666711
vt 0.590764 0.741123
vt 0.568346 0.733840
vt 0.549277 0.719985
vt 0.535422 0.700916
vt 0.528138 0.678499
vt 0.528138 0.654928
vt 0.535422 0.632510
vt 0.549277 0.613440
vt 0.568346 0.599585
vt 0.590764 0.592300
vt 0.614335 0.592300
vt 0.636753 0.599583
vt 0.655822 0.613437
vt 0.669677 0.632506
vt 0.676961 0.654924
vt 0.676961 0.678495
vt 0.669677 0.700913
vt 0.655822 0.719983
vt 0.516703 0.733193
vt 0.503308 0.742925
vt 0.549562 0.742926
vt 0.536167 0.733194
vt 0.526435 0.719797
vt 0.526435 0.719799
vt 0.516703 0.600325
vt 0.526435 0.613720
vt 0.526435 0.613723
vt 0.536167 0.600327
vt 0.503308 0.590592
vt 0.549562 0.590595
vt 0.383835 0.600325
vt 0.397230 0.590592
vt 0.655639 0.590592
vt 0.669034 0.600324
vt 0.374102 0.613720
vt 0.678766 0.613719
vt 0.383835 0.733193
vt 0.374102 0.719797
vt 0.678766 0.719795
vt 0.669034 0.733191
vt 0.397230 0.742925
vt 0.655639 0.742923
vt 0.522915 0.760419
vt 0.525549 0.760419
vt 0.525515 0.784584
vt 0.522882 0.784584
vt 0.522879 0.742925
vt 0.525513 0.742925
vt 0.853942 0.588605
vt 0.851309 0.588634
vt 0.851360 0.579388
vt 0.853992 0.579359
vt 0.851309 0.568871
vt 0.853942 0.568841
vt 0.367320 0.772618
vt 0.369954 0.772631
vt 0.369954 0.788190
vt 0.367320 0.788177
vt 0.672474 0.521698
vt 0.669842 0.521668
vt 0.670069 0.496344
vt 0.672702 0.496374
vt 0.670064 0.476852
vt 0.672696 0.476882
vt 0.669824 0.457630
vt 0.672456 0.457660
vt 0.670069 0.438260
vt 0.672702 0.438289
vt 0.520142 0.742933
vt 0.522775 0.742925
vt 0.522837 0.752607
vt 0.520203 0.752615
vt 0.522879 0.763294
vt 0.520246 0.763301
vt 0.522809 0.774873
vt 0.520175 0.774881
vt 0.522855 0.799926
vt 0.520222 0.799934
vt 0.522845 0.818655
vt 0.520211 0.818663
vt 0.522775 0.836405
vt 0.520142 0.836412
vt 0.522829 0.855787
vt 0.520195 0.855794
vt 0.370794 0.579896
vt 0.373428 0.579896
vt 0.373460 0.586248
vt 0.370827 0.586248
vt 0.373483 0.594988
vt 0.370849 0.594988
vt 0.373446 0.612470
vt 0.370812 0.612470
vt 0.373470 0.636647
vt 0.370836 0.636646
vt 0.373465 0.657802
vt 0.370831 0.657802
vt 0.373428 0.681971
vt 0.370794 0.681971
vt 0.373456 0.699461
vt 0.370822 0.699461
vt 0.373429 0.708195
vt 0.370795 0.708194
vt 0.525540 0.856141
vt 0.522906 0.856141
vt 0.522879 0.847398
vt 0.525513 0.847398
vt 0.522915 0.829920
vt 0.525549 0.829920
vt 0.522882 0.805740
vt 0.525515 0.805740
vt 0.998854 0.381949
vt 0.998823 0.404359
vt 0.982281 0.404359
vt 0.982311 0.381949
vt 0.998823 0.427931
vt 0.982281 0.427931
vt 0.998854 0.450356
vt 0.982311 0.450356
vt 0.988890 0.469182
vt 0.988931 0.482587
vt 0.982314 0.482587
vt 0.982273 0.469182
vt 0.959650 0.142607
vt 0.959688 0.129217
vt 0.966305 0.129217
vt 0.966267 0.142607
vt 0.949728 0.110377
vt 0.949756 0.087963
vt 0.966299 0.087963
vt 0.966270 0.110377
vt 0.949756 0.064391
vt 0.966299 0.064391
vt 0.949728 0.041970
vt 0.966270 0.041970
vt 0.959688 0.023139
vt 0.959650 0.009739
vt 0.966267 0.009739
vt 0.966305 0.023139
vt 0.959598 0.000000
vt 0.966215 0.000000
vt 0.972965 0.694916
vt 0.973020 0.678455
vt 0.989563 0.678397
vt 0.989507 0.694857
vt 0.973020 0.657587
vt 0.989563 0.657528
vt 0.972965 0.634353
vt 0.989507 0.634294
vt 0.982959 0.621845
vt 0.982885 0.605460
vt 0.989502 0.605437
vt 0.989576 0.621821
vt 0.982783 0.590616
vt 0.989399 0.590592
vt 0.237843 0.901575
vt 0.238060 0.919401
vt 0.221525 0.919209
vt 0.221308 0.901383
vt 0.238061 0.941120
vt 0.221525 0.940928
vt 0.237843 0.964605
vt 0.221308 0.964413
vt 0.942951 0.174309
vt 0.943028 0.190435
vt 0.936414 0.190509
vt 0.936337 0.174383
vt 0.942951 0.204611
vt 0.936337 0.204685
vt 0.989576 0.715735
vt 0.982959 0.715758
vt 0.221578 0.880518
vt 0.228192 0.880594
vt 0.390560 0.916694
vt 0.390645 0.933453
vt 0.374102 0.933453
vt 0.383943 0.916694
vt 0.982273 0.363105
vt 0.988890 0.363105
vt 0.999478 0.000000
vt 0.999516 0.018844
vt 0.982973 0.018844
vt 0.992861 -0.000000
vt 0.914064 0.862303
vt 0.913987 0.876479
vt 0.907373 0.876553
vt 0.907450 0.862377
vt 0.913987 0.846178
vt 0.907373 0.846252
vt 0.574324 0.437295
vt 0.557782 0.437212
vt 0.557782 0.420452
vt 0.564399 0.420485
vt 0.204555 0.940999
vt 0.204358 0.964485
vt 0.187822 0.964307
vt 0.188019 0.940821
vt 0.204536 0.919281
vt 0.188001 0.919103
vt 0.204303 0.901455
vt 0.187767 0.901277
vt 0.204555 0.880589
vt 0.197941 0.880518
vt 0.965724 0.377966
vt 0.965637 0.363121
vt 0.972254 0.363105
vt 0.972341 0.377949
vt 0.965781 0.394350
vt 0.972398 0.394334
vt 0.982241 0.406782
vt 0.965699 0.406823
vt 0.965731 0.430057
vt 0.982273 0.430016
vt 0.965709 0.450926
vt 0.982252 0.450884
vt 0.965637 0.467386
vt 0.982179 0.467345
vt 0.965684 0.488264
vt 0.972301 0.488247
vt 0.813676 0.752665
vt 0.813627 0.742926
vt 0.820244 0.742928
vt 0.820293 0.752667
vt 0.813709 0.766065
vt 0.820326 0.766067
vt 0.830209 0.784902
vt 0.813667 0.784896
vt 0.813687 0.807317
vt 0.830230 0.807323
vt 0.813679 0.830889
vt 0.830221 0.830895
vt 0.813642 0.853303
vt 0.830184 0.853309
vt 0.813670 0.872143
vt 0.820287 0.872145
vt 0.813627 0.885533
vt 0.820244 0.885536
vt 0.999475 0.106078
vt 0.999516 0.119482
vt 0.992899 0.119482
vt 0.992858 0.106078
vt 0.982971 0.087251
vt 0.999514 0.087251
vt 0.999484 0.064826
vt 0.982941 0.064826
vt 0.999485 0.041255
vt 0.982942 0.041254
vt 0.110369 0.779160
vt 0.087951 0.786444
vt 0.086743 0.778817
vt 0.110915 0.770962
vt 0.520872 0.588838
vt 0.498454 0.581554
vt 0.497907 0.573356
vt 0.522080 0.581211
vt 0.479619 0.590592
vt 0.480421 0.581747
vt 0.129204 0.788197
vt 0.128401 0.779352
vt 0.466223 0.580860
vt 0.471684 0.575399
vt 0.142599 0.778465
vt 0.137138 0.773004
vt 0.456491 0.567465
vt 0.465336 0.566662
vt 0.152331 0.765069
vt 0.143486 0.764267
vt 0.465529 0.548630
vt 0.473727 0.549177
vt 0.143293 0.746235
vt 0.135095 0.746782
vt 0.458245 0.526212
vt 0.465873 0.525004
vt 0.150577 0.723817
vt 0.142949 0.722609
vt 0.458245 0.502640
vt 0.465873 0.503848
vt 0.150577 0.700246
vt 0.142949 0.701454
vt 0.465529 0.480222
vt 0.473727 0.479675
vt 0.143293 0.677828
vt 0.135095 0.677282
vt 0.456491 0.461387
vt 0.465336 0.462190
vt 0.152331 0.658993
vt 0.143486 0.659796
vt 0.466223 0.447992
vt 0.471684 0.453453
vt 0.142599 0.645598
vt 0.137138 0.651059
vt 0.479619 0.438260
vt 0.480421 0.447105
vt 0.129203 0.635866
vt 0.128401 0.644712
vt 0.498454 0.447298
vt 0.497907 0.455496
vt 0.110369 0.644905
vt 0.110915 0.653103
vt 0.520872 0.440014
vt 0.522080 0.447641
vt 0.087951 0.637621
vt 0.086743 0.645249
vt 0.544443 0.440014
vt 0.543235 0.447641
vt 0.064380 0.637622
vt 0.065588 0.645250
vt 0.566861 0.447298
vt 0.567408 0.455496
vt 0.041962 0.644907
vt 0.041415 0.653104
vt 0.585696 0.438260
vt 0.584894 0.447105
vt 0.023127 0.635869
vt 0.023930 0.644714
vt 0.599091 0.447992
vt 0.593631 0.453453
vt 0.009732 0.645602
vt 0.015193 0.651062
vt 0.608824 0.461387
vt 0.599978 0.462190
vt 0.000000 0.658997
vt 0.008845 0.659799
vt 0.599786 0.480222
vt 0.591588 0.479675
vt 0.009038 0.677832
vt 0.017236 0.677285
vt 0.607070 0.502640
vt 0.599442 0.503848
vt 0.001754 0.700249
vt 0.009382 0.701457
vt 0.607070 0.526212
vt 0.599442 0.525004
vt 0.001754 0.723821
vt 0.009382 0.722612
vt 0.599786 0.548630
vt 0.591588 0.549177
vt 0.009038 0.746238
vt 0.017236 0.746785
vt 0.608824 0.567465
vt 0.599978 0.566662
vt -0.000000 0.765073
vt 0.008845 0.764271
vt 0.599091 0.580860
vt 0.593631 0.575399
vt 0.009732 0.778468
vt 0.015193 0.773007
vt 0.585696 0.590592
vt 0.584894 0.581747
vt 0.023127 0.788200
vt 0.023930 0.779355
vt 0.566861 0.581554
vt 0.567408 0.573356
vt 0.041962 0.779162
vt 0.041415 0.770964
vt 0.544443 0.588838
vt 0.543235 0.581211
vt 0.064380 0.786445
vt 0.065588 0.778817
vt 0.657015 0.518742
vt 0.669470 0.488295
vt 0.669470 0.518768
vt 0.913491 0.448970
vt 0.913491 0.480885
vt 0.902248 0.480885
vt 0.902248 0.448970
vt 0.813627 0.908125
vt 0.813627 0.885535
vt 0.826082 0.885588
vt 0.826082 0.908177
vt 0.902248 0.448970
vt 0.902248 0.417056
vt 0.913491 0.417056
vt 0.913491 0.448970
vt 0.657015 0.518768
vt 0.667430 0.518884
vt 0.667430 0.531335
vt 0.657015 0.531219
vt 0.459730 0.916725
vt 0.467684 0.916694
vt 0.467684 0.929149
vt 0.459730 0.929180
vt 0.364529 0.676263
vt 0.365866 0.676265
vt 0.365866 0.772618
vt 0.364529 0.772616
vt 0.367272 0.676265
vt 0.367272 0.772618
vt 0.368610 0.676263
vt 0.368610 0.772616
vt 0.369748 0.676260
vt 0.369748 0.772612
vt 0.364529 0.483538
vt 0.365666 0.483541
vt 0.365666 0.579894
vt 0.364529 0.579891
vt 0.367003 0.483543
vt 0.367003 0.579896
vt 0.368409 0.483543
vt 0.368409 0.579896
vt 0.369747 0.483541
vt 0.369747 0.579894
vt 0.370885 0.483538
vt 0.370885 0.579891
vt 0.371712 0.483534
vt 0.371712 0.579886
vt 0.370794 0.676260
vt 0.369812 0.676253
vt 0.369812 0.579902
vt 0.370794 0.579908
vt 0.368567 0.676249
vt 0.368567 0.579897
vt 0.367181 0.676247
vt 0.367181 0.579896
vt 0.365789 0.676248
vt 0.365789 0.579897
vt 0.364529 0.676252
vt 0.364529 0.579901
vt 0.582803 0.296524
vt 0.583866 0.296499
vt 0.583866 0.392816
vt 0.582803 0.392841
vt 0.585161 0.296484
vt 0.585161 0.392800
vt 0.586563 0.296480
vt 0.586563 0.392797
vt 0.587932 0.296489
vt 0.587932 0.392806
vt 0.589136 0.296509
vt 0.589136 0.392826
vt 0.335005 0.786487
vt 0.333598 0.786487
vt 0.334301 0.782048
vt 0.336342 0.786053
vt 0.337480 0.785226
vt 0.338306 0.784088
vt 0.338741 0.782751
vt 0.338741 0.781345
vt 0.338306 0.780008
vt 0.337480 0.778870
vt 0.336342 0.778043
vt 0.335004 0.777609
vt 0.333598 0.777609
vt 0.332261 0.778043
vt 0.331123 0.778870
vt 0.330297 0.780007
vt 0.329862 0.781345
vt 0.329862 0.782751
vt 0.330297 0.784088
vt 0.331123 0.785226
vt 0.332261 0.786053
vt 0.372499 0.571550
vt 0.372494 0.573656
vt 0.371756 0.573656
vt 0.371760 0.571549
vt 0.372493 0.575871
vt 0.371754 0.575871
vt 0.372494 0.577979
vt 0.371756 0.577978
vt 0.372499 0.579772
vt 0.371760 0.579772
vt 0.588076 0.404158
vt 0.588082 0.402366
vt 0.588821 0.402366
vt 0.588815 0.404158
vt 0.588087 0.400259
vt 0.588825 0.400260
vt 0.588088 0.398044
vt 0.588826 0.398045
vt 0.588086 0.395937
vt 0.588825 0.395938
vt 0.588082 0.394144
vt 0.588821 0.394144
vt 0.588076 0.392841
vt 0.588815 0.392841
vt 0.588311 0.430323
vt 0.588320 0.428776
vt 0.589058 0.428775
vt 0.589049 0.430322
vt 0.588324 0.426815
vt 0.589063 0.426814
vt 0.588324 0.424631
vt 0.589063 0.424630
vt 0.588320 0.422439
vt 0.589058 0.422438
vt 0.588311 0.420453
vt 0.589049 0.420452
vt 0.588814 0.404160
vt 0.588850 0.405835
vt 0.588112 0.405833
vt 0.588076 0.404158
vt 0.588869 0.407876
vt 0.588131 0.407874
vt 0.588869 0.410083
vt 0.588131 0.410081
vt 0.588850 0.412241
vt 0.588112 0.412239
vt 0.588814 0.414137
vt 0.588076 0.414136
vt 0.578139 0.430624
vt 0.579277 0.431450
vt 0.578103 0.433754
vt 0.576311 0.432453
vt 0.580614 0.431885
vt 0.580210 0.434439
vt 0.582021 0.431884
vt 0.582425 0.434439
vt 0.583358 0.431450
vt 0.584532 0.433754
vt 0.584496 0.430623
vt 0.586324 0.432452
vt 0.585322 0.429485
vt 0.587626 0.430659
vt 0.585757 0.428148
vt 0.588311 0.428553
vt 0.585756 0.426742
vt 0.588311 0.426337
vt 0.585322 0.425405
vt 0.587626 0.424230
vt 0.584495 0.424267
vt 0.586324 0.422438
vt 0.583357 0.423440
vt 0.584531 0.421136
vt 0.582020 0.423006
vt 0.582425 0.420452
vt 0.580614 0.423006
vt 0.580209 0.420452
vt 0.579277 0.423441
vt 0.578102 0.421136
vt 0.578139 0.424267
vt 0.576310 0.422439
vt 0.577312 0.425405
vt 0.575008 0.424231
vt 0.576878 0.426742
vt 0.574324 0.426338
vt 0.576878 0.428149
vt 0.574324 0.428553
vt 0.577313 0.429486
vt 0.575008 0.430660
vt 0.425541 0.928694
vt 0.423749 0.929996
vt 0.422921 0.928371
vt 0.424251 0.927404
vt 0.421642 0.930681
vt 0.421357 0.928879
vt 0.419427 0.930681
vt 0.419712 0.928879
vt 0.417320 0.929996
vt 0.418148 0.928370
vt 0.415528 0.928694
vt 0.416818 0.927404
vt 0.414226 0.926901
vt 0.415851 0.926073
vt 0.413542 0.924795
vt 0.415344 0.924509
vt 0.413542 0.922580
vt 0.415344 0.922865
vt 0.414226 0.920472
vt 0.415852 0.921301
vt 0.415529 0.918680
vt 0.416819 0.919970
vt 0.417321 0.917378
vt 0.418149 0.919004
vt 0.419427 0.916694
vt 0.419713 0.918496
vt 0.421643 0.916694
vt 0.421357 0.918496
vt 0.423750 0.917378
vt 0.422921 0.919004
vt 0.425542 0.918681
vt 0.424252 0.919971
vt 0.426844 0.920473
vt 0.425218 0.921301
vt 0.427528 0.922580
vt 0.425726 0.922865
vt 0.427528 0.924795
vt 0.425726 0.924510
vt 0.426844 0.926902
vt 0.425218 0.926074
vt 0.831097 0.919795
vt 0.832661 0.919797
vt 0.832661 0.935730
vt 0.831097 0.935728
vt 0.834305 0.919797
vt 0.834305 0.935730
vt 0.835870 0.919795
vt 0.835870 0.935728
vt 0.837201 0.919791
vt 0.837201 0.935724
vt 0.436596 0.916699
vt 0.437926 0.916703
vt 0.437926 0.932636
vt 0.436596 0.932632
vt 0.439490 0.916705
vt 0.439490 0.932638
vt 0.441134 0.916705
vt 0.441134 0.932638
vt 0.442698 0.916703
vt 0.442698 0.932636
vt 0.444029 0.916699
vt 0.444029 0.932632
vt 0.444997 0.916694
vt 0.444997 0.932627
vt 0.459730 0.932641
vt 0.458582 0.932634
vt 0.458582 0.916701
vt 0.459730 0.916709
vt 0.457126 0.932628
vt 0.457126 0.916696
vt 0.455505 0.932626
vt 0.455505 0.916694
vt 0.453878 0.932628
vt 0.453878 0.916695
vt 0.452403 0.932633
vt 0.452403 0.916700
vt 0.444997 0.916745
vt 0.446240 0.916715
vt 0.446240 0.932642
vt 0.444997 0.932672
vt 0.447755 0.916698
vt 0.447755 0.932625
vt 0.449394 0.916694
vt 0.449393 0.932621
vt 0.450995 0.916704
vt 0.450995 0.932631
vt 0.452403 0.916727
vt 0.452403 0.932654
vt 0.907373 0.942391
vt 0.890802 0.942426
vt 0.889819 0.925985
vt 0.903363 0.925957
vt 0.368888 0.880518
vt 0.368888 0.897872
vt 0.346791 0.897872
vt 0.346791 0.880518
vt 0.966861 0.224853
vt 0.956822 0.224895
vt 0.957550 0.208449
vt 0.969834 0.208397
vt 0.346792 0.925756
vt 0.346792 0.908401
vt 0.368888 0.908401
vt 0.368888 0.925756
vt 0.413542 0.916694
vt 0.413542 0.937165
vt 0.402689 0.937674
vt 0.402689 0.917203
vt 0.959069 0.799898
vt 0.974701 0.799837
vt 0.971732 0.816269
vt 0.956100 0.816330
vt 0.956118 0.938503
vt 0.971750 0.938442
vt 0.974701 0.954493
vt 0.959069 0.954554
vt 0.969834 0.363053
vt 0.957550 0.363105
vt 0.956839 0.347068
vt 0.966879 0.347026
vt 0.402689 0.916937
vt 0.402689 0.937408
vt 0.390645 0.937165
vt 0.390645 0.916694
vt 0.903387 0.803786
vt 0.889844 0.803814
vt 0.890802 0.787772
vt 0.907373 0.787737
vt 0.346791 0.903146
vt 0.368887 0.903146
vt 0.953103 0.222133
vt 0.953832 0.211242
vt 0.582803 0.414938
vt 0.582803 0.392841
vt 0.588076 0.392841
vt 0.588076 0.414937
vt 0.885786 0.939659
vt 0.884803 0.928773
vt 0.326341 0.912217
vt 0.326341 0.934313
vt 0.321086 0.934313
vt 0.321086 0.912217
vt 0.953832 0.360298
vt 0.953121 0.348281
vt 0.368888 0.903146
vt 0.346792 0.903146
vt 0.884827 0.802627
vt 0.885786 0.790606
vt 0.965184 0.858014
vt 0.963957 0.884119
vt 0.948325 0.884180
vt 0.949552 0.858075
vt 0.965882 0.910152
vt 0.950250 0.910213
vt 0.895459 0.832068
vt 0.881915 0.832101
vt 0.561310 0.390136
vt 0.581779 0.390363
vt 0.578655 0.418836
vt 0.558185 0.418608
vt 0.950962 0.318821
vt 0.961002 0.318784
vt 0.960303 0.266651
vt 0.950263 0.266698
vt 0.558185 0.296480
vt 0.578655 0.296708
vt 0.582147 0.338231
vt 0.561677 0.338003
vt 0.880972 0.884229
vt 0.894516 0.884205
vt 0.892859 0.858099
vt 0.879315 0.858128
vt 0.959074 0.292766
vt 0.949035 0.292808
vt 0.582803 0.364282
vt 0.562333 0.364055
vt 0.949728 0.000016
vt 0.949637 0.044662
vt 0.925285 0.044646
vt 0.925376 -0.000000
vt 0.949605 0.091620
vt 0.925254 0.091603
vt 0.949637 0.136293
vt 0.925285 0.136277
vt 0.949728 0.174309
vt 0.925376 0.174293
vt 0.923729 0.830469
vt 0.923860 0.792493
vt 0.948212 0.792508
vt 0.948080 0.830484
vt 0.923944 0.747840
vt 0.948296 0.747855
vt 0.923973 0.700882
vt 0.948325 0.700897
vt 0.923944 0.656216
vt 0.948296 0.656231
vt 0.923860 0.618212
vt 0.948212 0.618227
vt 0.923729 0.590592
vt 0.948080 0.590607
vt 0.948325 0.799837
vt 0.948514 0.767046
vt 0.972866 0.767018
vt 0.972676 0.799809
vt 0.948614 0.725473
vt 0.972965 0.725445
vt 0.948614 0.679187
vt 0.972965 0.679159
vt 0.948514 0.632720
vt 0.972866 0.632692
vt 0.948325 0.590620
vt 0.972676 0.590592
vt 0.812464 0.742983
vt 0.813227 0.778490
vt 0.788884 0.778433
vt 0.788121 0.742926
vt 0.813627 0.821755
vt 0.789285 0.821698
vt 0.813627 0.868543
vt 0.789285 0.868485
vt 0.813227 0.914274
vt 0.788884 0.914216
vt 0.812464 0.954471
vt 0.788121 0.954414
vt 0.042112 0.254369
vt 0.014511 0.216379
vt 0.148240 0.148240
vt 0.080102 0.281970
vt 0.124761 0.296480
vt 0.171719 0.296480
vt 0.216379 0.281969
vt 0.254368 0.254368
vt 0.281969 0.216378
vt 0.296480 0.171719
vt 0.296480 0.124761
vt 0.281969 0.080101
vt 0.254368 0.042112
vt 0.216378 0.014511
vt 0.171719 -0.000000
vt 0.124761 -0.000000
vt 0.080101 0.014511
vt 0.042112 0.042112
vt 0.014511 0.080102
vt -0.000000 0.124761
vt 0.000000 0.171719
vt 0.578442 0.216379
vt 0.550842 0.254368
vt 0.444717 0.148240
vt 0.512853 0.281970
vt 0.468194 0.296480
vt 0.421237 0.296480
vt 0.376579 0.281969
vt 0.338590 0.254368
vt 0.310990 0.216378
vt 0.296480 0.171719
vt 0.296480 0.124761
vt 0.310991 0.080101
vt 0.338592 0.042112
vt 0.376581 0.014511
vt 0.421240 -0.000000
vt 0.468196 -0.000000
vt 0.512855 0.014511
vt 0.550843 0.042112
vt 0.578443 0.080102
vt 0.592953 0.124761
vt 0.592953 0.171719
vt 0.887819 0.417362
vt 0.895864 0.417441
vt 0.894675 0.540739
vt 0.886631 0.540660
vt 0.902248 0.417505
vt 0.901060 0.540803
vt 0.423761 0.909116
vt 0.416369 0.913435
vt 0.400061 0.827699
vt 0.407453 0.823380
vt 0.407781 0.916046
vt 0.391473 0.830310
vt 0.398836 0.916694
vt 0.382528 0.830958
vt 0.390410 0.915315
vt 0.374102 0.829579
vt 0.690881 0.743036
vt 0.697263 0.742984
vt 0.697401 0.866284
vt 0.691018 0.866336
vt 0.705307 0.742946
vt 0.705444 0.866246
vt 0.714223 0.742926
vt 0.714360 0.866226
vt 0.723140 0.742926
vt 0.723278 0.866226
vt 0.731185 0.742946
vt 0.731323 0.866246
vt 0.737571 0.742984
vt 0.737708 0.866284
vt 0.888745 0.787737
vt 0.881459 0.784177
vt 0.916443 0.671763
vt 0.923729 0.675324
vt 0.873085 0.781111
vt 0.908069 0.668698
vt 0.864442 0.778842
vt 0.899426 0.666428
vt 0.856377 0.777590
vt 0.891361 0.665177
vt 0.855561 0.417056
vt 0.861943 0.417114
vt 0.860755 0.540412
vt 0.854373 0.540353
vt 0.869986 0.417190
vt 0.868798 0.540488
vt 0.878902 0.417275
vt 0.877714 0.540573
vt 0.895477 0.576698
vt 0.886916 0.573577
vt 0.902248 0.581498
vt 0.679281 0.913821
vt 0.676458 0.921904
vt 0.642043 0.908361
vt 0.649294 0.902113
vt 0.675544 0.930834
vt 0.636370 0.915255
vt 0.392415 0.787359
vt 0.400218 0.791750
vt 0.384995 0.781301
vt 0.696334 0.936994
vt 0.689514 0.932304
vt 0.704926 0.940000
vt 0.714449 0.941028
vt 0.723969 0.939979
vt 0.732556 0.936953
vt 0.739368 0.932249
vt 0.916553 0.611314
vt 0.923729 0.608961
vt 0.908282 0.614864
vt 0.899723 0.619264
vt 0.891716 0.624083
vt 0.884663 0.665065
vt 0.885043 0.628849
vt 0.867874 0.573393
vt 0.859257 0.576349
vt 0.877405 0.572438
vt 0.665607 0.893880
vt 0.657413 0.897124
vt 0.658364 0.844427
vt 0.666448 0.844344
vt 0.650195 0.844500
vt 0.642741 0.844558
vt 0.636731 0.844593
vt 0.467306 0.766235
vt 0.468640 0.773320
vt 0.465822 0.758287
vt 0.378685 0.774169
vt 0.464334 0.750255
vt 0.374102 0.766662
vt 0.462986 0.742925
vt 0.848627 0.587646
vt 0.840180 0.588409
vt 0.841112 0.495473
vt 0.848627 0.495740
vt 0.830995 0.587038
vt 0.832928 0.495259
vt 0.821970 0.583667
vt 0.824875 0.495119
vt 0.813988 0.578625
vt 0.817742 0.495066
vt 0.807831 0.572407
vt 0.812227 0.495106
vt 0.839516 0.598016
vt 0.841824 0.590592
vt 0.837055 0.605870
vt 0.834681 0.613386
vt 0.832628 0.619827
vt 0.880358 0.633095
vt 0.831097 0.624564
vt 0.679078 0.893700
vt 0.673072 0.892700
vt 0.673655 0.844260
vt 0.679281 0.844183
s 1
usemtl Material.001
f 2/1/1 1/2/1 41/3/1
f 3/4/1 2/1/1 41/3/1
f 4/5/1 3/4/1 41/3/1
f 5/6/1 4/5/1 41/3/1
f 6/7/1 5/6/1 41/3/1
f 7/8/1 6/7/1 41/3/1
f 8/9/1 7/8/1 41/3/1
f 9/10/1 8/9/1 41/3/1
f 10/11/1 9/10/1 41/3/1
f 11/12/1 10/11/1 41/3/1
f 12/13/1 11/12/1 41/3/1
f 13/14/1 12/13/1 41/3/1
f 14/15/1 13/14/1 41/3/1
f 15/16/1 14/15/1 41/3/1
f 16/17/1 15/16/1 41/3/1
f 17/18/1 16/17/1 41/3/1
f 18/19/1 17/18/1 41/3/1
f 19/20/1 18/19/1 41/3/1
f 20/21/1 19/20/1 41/3/1
f 1/2/1 20/21/1 41/3/1
f 40/22/2 21/23/3 42/24/3 61/25/2
f 21/23/3 22/26/4 43/27/4 42/24/3
f 22/26/4 23/28/5 44/29/5 43/27/4
f 23/28/5 24/30/6 45/31/6 44/29/5
f 24/30/6 25/32/7 46/33/7 45/31/6
f 25/32/7 26/34/8 47/35/8 46/33/7
f 26/34/8 27/36/9 48/37/9 47/35/8
f 27/38/9 28/39/10 49/40/10 48/41/9
f 28/42/10 29/43/11 50/44/11 49/45/10
f 29/43/11 30/46/12 51/47/12 50/44/11
f 30/46/12 31/48/13 52/49/13 51/47/12
f 31/48/13 32/50/14 53/51/14 52/49/13
f 32/50/14 33/52/15 54/53/15 53/51/14
f 33/52/15 34/54/16 55/55/16 54/53/15
f 34/54/16 35/56/17 56/57/17 55/55/16
f 35/56/17 36/58/18 57/59/18 56/57/17
f 36/58/18 37/60/19 58/61/19 57/59/18
f 37/60/19 38/62/20 59/63/20 58/61/19
f 38/64/20 39/65/21 60/66/21 59/67/20
f 39/68/21 40/22/2 61/25/2 60/69/21
f 61/70/22 42/71/23 63/72/23 62/73/22
f 42/74/23 43/75/24 64/76/24 63/77/23
f 43/75/24 44/78/25 65/79/25 64/76/24
f 44/78/25 45/80/26 66/81/26 65/79/25
f 45/80/26 46/82/27 67/83/27 66/81/26
f 46/84/27 47/85/28 68/86/28 67/87/27
f 47/85/28 48/41/29 69/88/29 68/86/28
f 48/41/29 49/40/30 70/89/30 69/88/29
f 49/40/30 50/90/31 71/91/31 70/89/30
f 50/90/31 51/92/32 72/93/32 71/91/31
f 51/92/32 52/94/33 73/95/33 72/93/32
f 52/96/33 53/97/34 74/98/34 73/99/33
f 53/97/34 54/100/35 75/101/35 74/98/34
f 54/100/35 55/102/36 76/103/36 75/101/35
f 55/102/36 56/104/37 77/105/37 76/103/36
f 56/104/37 57/106/38 78/107/38 77/105/37
f 57/108/38 58/109/39 79/110/39 78/111/38
f 58/109/39 59/67/40 80/112/40 79/110/39
f 59/67/40 60/66/41 81/113/41 80/112/40
f 60/66/41 61/70/22 62/73/22 81/113/41
f 102/114/22 103/115/23 104/116/23 105/117/22
f 103/118/23 106/119/24 107/120/24 104/121/23
f 106/119/24 108/122/25 109/123/25 107/120/24
f 108/122/25 110/124/26 111/125/26 109/123/25
f 110/124/26 112/126/27 113/127/27 111/125/26
f 112/128/27 114/129/28 115/130/28 113/131/27
f 114/129/28 116/132/29 117/133/29 115/130/28
f 116/132/29 118/134/30 119/135/30 117/133/29
f 118/134/30 120/136/31 121/137/31 119/135/30
f 120/136/31 122/138/32 123/139/32 121/137/31
f 122/138/32 124/140/33 125/141/33 123/139/32
f 124/142/33 126/143/34 127/144/34 125/145/33
f 126/143/34 128/146/35 129/147/35 127/144/34
f 128/146/35 130/148/36 131/149/36 129/147/35
f 130/148/36 132/150/37 133/151/37 131/149/36
f 132/150/37 134/152/38 135/153/38 133/151/37
f 134/154/38 136/155/39 137/156/39 135/157/38
f 136/155/39 138/158/40 139/159/40 137/156/39
f 138/158/40 140/160/41 141/161/41 139/159/40
f 140/160/41 102/114/22 105/117/22 141/161/41
f 62/162/1 63/163/1 103/164/1 102/165/1
f 83/166/42 82/167/42 105/168/42 104/169/42
f 63/163/1 64/170/1 106/171/1 103/164/1
f 84/172/42 83/166/42 104/169/42 107/173/42
f 64/170/1 65/174/1 108/175/1 106/171/1
f 85/176/42 84/172/42 107/173/42 109/177/42
f 65/174/1 66/178/1 110/179/1 108/175/1
f 86/180/42 85/176/42 109/177/42 111/181/42
f 66/178/1 67/182/1 112/183/1 110/179/1
f 87/184/42 86/180/42 111/181/42 113/185/42
f 67/182/1 68/186/1 114/187/1 112/183/1
f 88/188/42 87/184/42 113/185/42 115/189/42
f 68/186/1 69/190/1 116/191/1 114/187/1
f 89/192/42 88/188/42 115/189/42 117/193/42
f 69/190/1 70/194/1 118/195/1 116/191/1
f 90/196/42 89/192/42 117/193/42 119/197/42
f 70/194/1 71/198/1 120/199/1 118/195/1
f 91/200/42 90/196/42 119/197/42 121/201/42
f 71/198/1 72/202/1 122/203/1 120/199/1
f 92/204/42 91/200/42 121/201/42 123/205/42
f 72/202/1 73/206/1 124/207/1 122/203/1
f 93/208/42 92/204/42 123/205/42 125/209/42
f 73/206/1 74/210/1 126/211/1 124/207/1
f 94/212/42 93/208/42 125/209/42 127/213/42
f 74/210/1 75/214/1 128/215/1 126/211/1
f 95/216/42 94/212/42 127/213/42 129/217/42
f 75/214/1 76/218/1 130/219/1 128/215/1
f 96/220/42 95/216/42 129/217/42 131/221/42
f 76/218/1 77/222/1 132/223/1 130/219/1
f 97/224/42 96/220/42 131/221/42 133/225/42
f 77/222/1 78/226/1 134/227/1 132/223/1
f 98/228/42 97/224/42 133/225/42 135/229/42
f 78/226/1 79/230/1 136/231/1 134/227/1
f 99/232/42 98/228/42 135/229/42 137/233/42
f 79/230/1 80/234/1 138/235/1 136/231/1
f 100/236/42 99/232/42 137/233/42 139/237/42
f 80/234/1 81/238/1 140/239/1 138/235/1
f 101/240/42 100/236/42 139/237/42 141/241/42
f 81/238/1 62/162/1 102/165/1 140/239/1
f 82/167/42 101/240/42 141/241/42 105/168/42
f 82/167/42 83/166/42 143/242/42 142/243/42
f 83/166/42 84/172/42 144/244/42 143/242/42
f 84/172/42 85/176/42 145/245/42 144/244/42
f 85/176/42 86/180/42 146/246/42 145/245/42
f 86/180/42 87/184/42 147/247/42 146/246/42
f 87/184/42 88/188/42 148/248/42 147/247/42
f 88/188/42 89/192/42 149/249/42 148/248/42
f 89/192/42 90/196/42 150/250/42 149/249/42
f 90/196/42 91/200/42 151/251/42 150/250/42
f 91/200/42 92/204/42 152/252/42 151/251/42
f 92/204/42 93/208/42 153/253/42 152/252/42
f 93/208/42 94/212/42 154/254/42 153/253/42
f 94/212/42 95/216/42 155/255/42 154/254/42
f 95/216/42 96/220/42 156/256/42 155/255/42
f 96/220/42 97/224/42 157/257/42 156/256/42
f 97/224/42 98/228/42 158/258/42 157/257/42
f 98/228/42 99/232/42 159/259/42 158/258/42
f 99/232/42 100/236/42 160/260/42 159/259/42
f 100/236/42 101/240/42 161/261/42 160/260/42
f 101/240/42 82/167/42 142/243/42 161/261/42
f 142/262/32 143/263/33 163/264/33 162/265/32
f 143/266/33 144/267/34 164/268/34 163/269/33
f 144/267/34 145/270/35 165/271/35 164/268/34
f 145/270/35 146/272/36 166/273/36 165/271/35
f 146/272/36 147/274/37 167/275/37 166/273/36
f 147/274/37 148/276/38 168/277/38 167/275/37
f 148/278/38 149/279/39 169/280/39 168/281/38
f 149/279/39 150/282/40 170/283/40 169/280/39
f 150/282/40 151/284/41 171/285/41 170/283/40
f 151/284/41 152/286/22 172/287/22 171/285/41
f 152/286/22 153/288/23 173/289/23 172/287/22
f 153/290/23 154/291/24 174/292/24 173/293/23
f 154/291/24 155/294/25 175/295/25 174/292/24
f 155/294/25 156/296/26 176/297/26 175/295/25
f 156/296/26 157/298/27 177/299/27 176/297/26
f 157/300/27 158/301/28 178/302/28 177/303/27
f 158/301/28 159/304/29 179/305/29 178/302/28
f 159/304/29 160/306/30 180/307/30 179/305/29
f 160/306/30 161/308/31 181/309/31 180/307/30
f 161/308/31 142/262/32 162/265/32 181/309/31
f 205/310/43 202/311/44 182/312/45 183/313/46
f 208/314/47 205/310/43 183/313/46 184/315/48
f 211/316/49 208/314/47 184/315/48 185/317/50
f 214/318/51 211/316/49 185/317/50 186/319/52
f 217/320/53 214/318/51 186/319/52 187/321/54
f 220/322/55 217/323/53 187/324/54 188/325/56
f 223/326/57 220/322/55 188/325/56 189/327/58
f 226/328/59 223/326/57 189/327/58 190/329/60
f 229/330/61 226/328/59 190/329/60 191/331/62
f 232/332/63 229/330/61 191/331/62 192/333/64
f 235/334/65 232/335/63 192/336/64 193/337/66
f 238/338/67 235/334/65 193/337/66 194/339/68
f 241/340/69 238/338/67 194/339/68 195/341/70
f 244/342/71 241/340/69 195/341/70 196/343/72
f 247/344/73 244/342/71 196/343/72 197/345/74
f 250/346/75 247/344/73 197/345/74 198/347/76
f 253/348/77 250/349/75 198/350/76 199/351/78
f 256/352/79 253/348/77 199/351/78 200/353/80
f 259/354/81 256/352/79 200/353/80 201/355/82
f 202/356/44 259/354/81 201/355/82 182/357/45
f 202/356/44 203/358/23 260/359/24 259/354/81
f 203/358/23 204/360/83 261/361/84 260/359/24
f 204/362/83 203/363/23 206/364/22 207/365/85
f 203/363/23 202/311/44 205/310/43 206/364/22
f 207/365/85 206/364/22 209/366/41 210/367/86
f 206/364/22 205/310/43 208/314/47 209/366/41
f 210/367/86 209/366/41 212/368/40 213/369/87
f 209/366/41 208/314/47 211/316/49 212/368/40
f 213/369/87 212/368/40 215/370/39 216/371/88
f 212/368/40 211/316/49 214/318/51 215/370/39
f 216/371/88 215/370/39 218/372/38 219/373/89
f 215/370/39 214/318/51 217/320/53 218/372/38
f 219/374/89 218/375/38 221/376/37 222/377/90
f 218/375/38 217/323/53 220/322/55 221/376/37
f 222/377/90 221/376/37 224/378/36 225/379/91
f 221/376/37 220/322/55 223/326/57 224/378/36
f 225/379/91 224/378/36 227/380/35 228/381/92
f 224/378/36 223/326/57 226/328/59 227/380/35
f 228/381/92 227/380/35 230/382/34 231/383/93
f 227/380/35 226/328/59 229/330/61 230/382/34
f 231/383/93 230/382/34 233/384/33 234/385/94
f 230/382/34 229/330/61 232/332/63 233/384/33
f 234/386/94 233/387/33 236/388/32 237/389/95
f 233/387/33 232/335/63 235/334/65 236/388/32
f 237/389/95 236/388/32 239/390/31 240/391/96
f 236/388/32 235/334/65 238/338/67 239/390/31
f 240/391/96 239/390/31 242/392/30 243/393/97
f 239/390/31 238/338/67 241/340/69 242/392/30
f 243/393/97 242/392/30 245/394/29 246/395/98
f 242/392/30 241/340/69 244/342/71 245/394/29
f 246/395/98 245/394/29 248/396/28 249/397/99
f 245/394/29 244/342/71 247/344/73 248/396/28
f 249/397/99 248/396/28 251/398/27 252/399/100
f 248/396/28 247/344/73 250/346/75 251/398/27
f 252/400/100 251/401/27 254/402/26 255/403/101
f 251/401/27 250/349/75 253/348/77 254/402/26
f 255/403/101 254/402/26 257/404/25 258/405/102
f 254/402/26 253/348/77 256/352/79 257/404/25
f 258/405/102 257/404/25 260/359/24 261/361/84
f 257/404/25 256/352/79 259/354/81 260/359/24
f 302/406/103 303/407/103 304/408/104 305/409/104
f 303/410/103 302/411/103 306/412/105 307/413/105
f 305/409/104 304/408/104 308/414/106 309/415/106
f 309/415/106 308/414/106 310/416/107 311/417/107
f 311/417/107 310/416/107 312/418/108 313/419/108
f 313/419/108 312/418/108 314/420/109 315/421/109
f 315/422/109 314/423/109 316/424/110 317/425/110
f 317/425/110 316/424/110 318/426/111 319/427/111
f 319/427/111 318/426/111 320/428/112 321/429/112
f 321/429/112 320/428/112 322/430/113 323/431/113
f 323/431/113 322/430/113 324/432/114 325/433/114
f 325/434/114 324/435/114 326/436/115 327/437/115
f 327/437/115 326/436/115 328/438/116 329/439/116
f 329/439/116 328/438/116 330/440/117 331/441/117
f 331/441/117 330/440/117 332/442/118 333/443/118
f 333/443/118 332/442/118 334/444/119 335/445/119
f 335/445/119 334/444/119 336/446/120 337/447/120
f 337/448/120 336/449/120 338/450/121 339/451/121
f 339/451/121 338/450/121 340/452/122 341/453/122
f 341/453/122 340/452/122 307/413/105 306/412/105
f 362/454/23 363/455/24 364/456/24 365/457/23
f 363/455/24 366/458/25 367/459/25 364/456/24
f 366/458/25 368/460/26 369/461/26 367/459/25
f 368/460/26 370/462/27 371/463/27 369/461/26
f 370/464/27 372/465/28 373/466/28 371/467/27
f 372/465/28 374/468/29 375/469/29 373/466/28
f 374/468/29 376/470/30 377/471/30 375/469/29
f 376/470/30 378/472/31 379/473/31 377/471/30
f 378/472/31 380/474/32 381/475/32 379/473/31
f 380/474/32 382/476/33 383/477/33 381/475/32
f 382/478/33 384/479/34 385/480/34 383/481/33
f 384/479/34 386/482/35 387/483/35 385/480/34
f 386/482/35 388/484/36 389/485/36 387/483/35
f 388/484/36 390/486/37 391/487/37 389/485/36
f 390/486/37 392/488/38 393/489/38 391/487/37
f 392/490/38 394/491/39 395/492/39 393/493/38
f 394/491/39 396/494/40 397/495/40 395/492/39
f 396/494/40 398/496/41 399/497/41 397/495/40
f 398/496/41 400/498/22 401/499/22 399/497/41
f 400/498/22 362/500/23 365/501/23 401/499/22
f 265/502/123 263/503/124 204/362/83 207/365/85
f 267/504/125 265/502/123 207/365/85 210/367/86
f 269/505/126 267/504/125 210/367/86 213/369/87
f 271/506/127 269/505/126 213/369/87 216/371/88
f 273/507/128 271/506/127 216/371/88 219/373/89
f 275/508/129 273/509/128 219/374/89 222/377/90
f 277/510/130 275/508/129 222/377/90 225/379/91
f 279/511/131 277/510/130 225/379/91 228/381/92
f 281/512/132 279/511/131 228/381/92 231/383/93
f 283/513/133 281/512/132 231/383/93 234/385/94
f 285/514/134 283/515/133 234/386/94 237/389/95
f 287/516/135 285/514/134 237/389/95 240/391/96
f 289/517/136 287/516/135 240/391/96 243/393/97
f 291/518/137 289/517/136 243/393/97 246/395/98
f 293/519/138 291/518/137 246/395/98 249/397/99
f 295/520/139 293/519/138 249/397/99 252/399/100
f 297/521/140 295/522/139 252/400/100 255/403/101
f 299/523/141 297/521/140 255/403/101 258/405/102
f 301/524/142 299/523/141 258/405/102 261/361/84
f 263/525/124 301/524/142 261/361/84 204/360/83
f 263/526/143 265/527/144 304/528/144 303/529/143
f 264/530/145 262/531/146 302/532/146 305/533/145
f 262/531/146 300/534/147 306/535/147 302/532/146
f 301/536/148 263/526/143 303/529/143 307/537/148
f 265/527/144 267/538/149 308/539/149 304/528/144
f 266/540/150 264/530/145 305/533/145 309/541/150
f 267/538/149 269/542/151 310/543/151 308/539/149
f 268/544/152 266/540/150 309/541/150 311/545/152
f 269/542/151 271/546/153 312/547/153 310/543/151
f 270/548/154 268/544/152 311/545/152 313/549/154
f 271/546/153 273/550/155 314/551/155 312/547/153
f 272/552/156 270/548/154 313/549/154 315/553/156
f 273/550/155 275/554/157 316/555/157 314/551/155
f 274/556/158 272/552/156 315/553/156 317/557/158
f 275/554/157 277/558/159 318/559/159 316/555/157
f 276/560/160 274/556/158 317/557/158 319/561/160
f 277/558/159 279/562/161 320/563/161 318/559/159
f 278/564/162 276/560/160 319/561/160 321/565/162
f 279/562/161 281/566/163 322/567/163 320/563/161
f 280/568/164 278/564/162 321/565/162 323/569/164
f 281/566/163 283/570/165 324/571/165 322/567/163
f 282/572/166 280/568/164 323/569/164 325/573/166
f 283/570/165 285/574/167 326/575/167 324/571/165
f 284/576/168 282/572/166 325/573/166 327/577/168
f 285/574/167 287/578/169 328/579/169 326/575/167
f 286/580/170 284/576/168 327/577/168 329/581/170
f 287/578/169 289/582/171 330/583/171 328/579/169
f 288/584/172 286/580/170 329/581/170 331/585/172
f 289/582/171 291/586/173 332/587/173 330/583/171
f 290/588/174 288/584/172 331/585/172 333/589/174
f 291/586/173 293/590/175 334/591/175 332/587/173
f 292/592/176 290/588/174 333/589/174 335/593/176
f 293/590/175 295/594/177 336/595/177 334/591/175
f 294/596/178 292/592/176 335/593/176 337/597/178
f 295/594/177 297/598/179 338/599/179 336/595/177
f 296/600/180 294/596/178 337/597/178 339/601/180
f 297/598/179 299/602/181 340/603/181 338/599/179
f 298/604/182 296/600/180 339/601/180 341/605/182
f 299/602/181 301/536/148 307/537/148 340/603/181
f 300/534/147 298/604/182 341/605/182 306/535/147
f 343/606/23 342/607/24 300/608/24 262/609/23
f 344/610/22 343/611/23 262/612/23 264/613/22
f 345/614/41 344/610/22 264/613/22 266/615/41
f 346/616/40 345/614/41 266/615/41 268/617/40
f 347/618/39 346/616/40 268/617/40 270/619/39
f 348/620/38 347/618/39 270/619/39 272/621/38
f 349/622/37 348/623/38 272/624/38 274/625/37
f 350/626/36 349/622/37 274/625/37 276/627/36
f 351/628/35 350/626/36 276/627/36 278/629/35
f 352/630/34 351/628/35 278/629/35 280/631/34
f 353/632/33 352/630/34 280/631/34 282/633/33
f 354/634/32 353/635/33 282/636/33 284/637/32
f 355/638/31 354/634/32 284/637/32 286/639/31
f 356/640/30 355/638/31 286/639/31 288/641/30
f 357/642/29 356/640/30 288/641/30 290/643/29
f 358/644/28 357/642/29 290/643/29 292/645/28
f 359/646/27 358/644/28 292/645/28 294/647/27
f 360/648/26 359/649/27 294/650/27 296/651/26
f 361/652/25 360/648/26 296/651/26 298/653/25
f 342/607/24 361/652/25 298/653/25 300/608/24
f 1/2/1 2/1/1 363/654/1 362/655/1
f 342/656/42 343/657/42 365/658/42 364/659/42
f 2/1/1 3/4/1 366/660/1 363/654/1
f 361/661/42 342/656/42 364/659/42 367/662/42
f 3/4/1 4/5/1 368/663/1 366/660/1
f 360/664/42 361/661/42 367/662/42 369/665/42
f 4/5/1 5/6/1 370/666/1 368/663/1
f 359/667/42 360/664/42 369/665/42 371/668/42
f 5/6/1 6/7/1 372/669/1 370/666/1
f 358/670/42 359/667/42 371/668/42 373/671/42
f 6/7/1 7/8/1 374/672/1 372/669/1
f 357/673/42 358/670/42 373/671/42 375/674/42
f 7/8/1 8/9/1 376/675/1 374/672/1
f 356/676/42 357/673/42 375/674/42 377/677/42
f 8/9/1 9/10/1 378/678/1 376/675/1
f 355/679/42 356/676/42 377/677/42 379/680/42
f 9/10/1 10/11/1 380/681/1 378/678/1
f 354/682/42 355/679/42 379/680/42 381/683/42
f 10/11/1 11/12/1 382/684/1 380/681/1
f 353/685/42 354/682/42 381/683/42 383/686/42
f 11/12/1 12/13/1 384/687/1 382/684/1
f 352/688/42 353/685/42 383/686/42 385/689/42
f 12/13/1 13/14/1 386/690/1 384/687/1
f 351/691/42 352/688/42 385/689/42 387/692/42
f 13/14/1 14/15/1 388/693/1 386/690/1
f 350/694/42 351/691/42 387/692/42 389/695/42
f 14/15/1 15/16/1 390/696/1 388/693/1
f 349/697/42 350/694/42 389/695/42 391/698/42
f 15/16/1 16/17/1 392/699/1 390/696/1
f 348/700/42 349/697/42 391/698/42 393/701/42
f 16/17/1 17/18/1 394/702/1 392/699/1
f 347/703/42 348/700/42 393/701/42 395/704/42
f 17/18/1 18/19/1 396/705/1 394/702/1
f 346/706/42 347/703/42 395/704/42 397/707/42
f 18/19/1 19/20/1 398/708/1 396/705/1
f 345/709/42 346/706/42 397/707/42 399/710/42
f 19/20/1 20/21/1 400/711/1 398/708/1
f 344/712/42 345/709/42 399/710/42 401/713/42
f 20/21/1 1/2/1 362/655/1 400/711/1
f 343/657/42 344/712/42 401/713/42 365/658/42
f 402/714/23 403/715/23 440/716/24 441/717/24
f 403/718/23 402/719/23 405/720/22 404/721/22
f 404/721/22 405/720/22 407/722/41 406/723/41
f 406/723/41 407/722/41 409/724/40 408/725/40
f 408/725/40 409/724/40 411/726/39 410/727/39
f 410/727/39 411/726/39 413/728/38 412/729/38
f 412/730/38 413/731/38 415/732/37 414/733/37
f 414/733/37 415/732/37 417/734/36 416/735/36
f 416/735/36 417/734/36 419/736/35 418/737/35
f 418/737/35 419/736/35 421/738/34 420/739/34
f 420/739/34 421/738/34 423/740/33 422/741/33
f 422/742/33 423/743/33 425/744/32 424/745/32
f 424/745/32 425/744/32 427/746/31 426/747/31
f 426/747/31 427/746/31 429/748/30 428/749/30
f 428/749/30 429/748/30 431/750/29 430/751/29
f 430/751/29 431/750/29 433/752/28 432/753/28
f 432/753/28 433/752/28 435/754/27 434/755/27
f 434/756/27 435/757/27 437/758/26 436/759/26
f 436/759/26 437/758/26 439/760/25 438/761/25
f 438/761/25 439/760/25 441/717/24 440/716/24
f 183/313/46 182/312/45 442/762/23 443/763/22
f 184/315/48 183/313/46 443/763/22 444/764/41
f 185/317/50 184/315/48 444/764/41 445/765/40
f 186/319/52 185/317/50 445/765/40 446/766/39
f 187/321/54 186/319/52 446/766/39 447/767/38
f 188/325/56 187/324/54 447/768/38 448/769/37
f 189/327/58 188/325/56 448/769/37 449/770/36
f 190/329/60 189/327/58 449/770/36 450/771/35
f 191/331/62 190/329/60 450/771/35 451/772/34
f 192/333/64 191/331/62 451/772/34 452/773/33
f 193/337/66 192/336/64 452/774/33 453/775/32
f 194/339/68 193/337/66 453/775/32 454/776/31
f 195/341/70 194/339/68 454/776/31 455/777/30
f 196/343/72 195/341/70 455/777/30 456/778/29
f 197/345/74 196/343/72 456/778/29 457/779/28
f 198/347/76 197/345/74 457/779/28 458/780/27
f 199/351/78 198/350/76 458/781/27 459/782/26
f 200/353/80 199/351/78 459/782/26 460/783/25
f 201/355/82 200/353/80 460/783/25 461/784/24
f 182/357/45 201/355/82 461/784/24 442/785/23
f 463/786/22 462/787/23 464/788/23 465/789/22
f 466/790/41 463/786/22 465/789/22 467/791/41
f 468/792/40 466/790/41 467/791/41 469/793/40
f 470/794/39 468/792/40 469/793/40 471/795/39
f 472/796/38 470/794/39 471/795/39 473/797/38
f 474/798/37 472/799/38 473/800/38 475/801/37
f 476/802/36 474/798/37 475/801/37 477/803/36
f 478/804/35 476/802/36 477/803/36 479/805/35
f 480/806/34 478/804/35 479/805/35 481/807/34
f 482/808/33 480/806/34 481/807/34 483/809/33
f 484/810/32 482/811/33 483/812/33 485/813/32
f 486/814/31 484/810/32 485/813/32 487/815/31
f 488/816/30 486/814/31 487/815/31 489/817/30
f 490/818/29 488/816/30 489/817/30 491/819/29
f 492/820/28 490/818/29 491/819/29 493/821/28
f 494/822/27 492/820/28 493/821/28 495/823/27
f 496/824/26 494/825/27 495/826/27 497/827/26
f 498/828/25 496/824/26 497/827/26 499/829/25
f 500/830/24 498/828/25 499/829/25 501/831/24
f 462/832/23 500/830/24 501/831/24 464/833/23
f 503/834/22 502/835/23 504/836/23 505/837/22
f 506/838/41 503/834/22 505/837/22 507/839/41
f 508/840/40 506/838/41 507/839/41 509/841/40
f 510/842/39 508/840/40 509/841/40 511/843/39
f 512/844/38 510/842/39 511/843/39 513/845/38
f 514/846/37 512/847/38 513/848/38 515/849/37
f 516/850/36 514/846/37 515/849/37 517/851/36
f 518/852/35 516/850/36 517/851/36 519/853/35
f 520/854/34 518/852/35 519/853/35 521/855/34
f 522/856/33 520/854/34 521/855/34 523/857/33
f 524/858/32 522/859/33 523/860/33 525/861/32
f 526/862/31 524/858/32 525/861/32 527/863/31
f 528/864/30 526/862/31 527/863/31 529/865/30
f 530/866/29 528/864/30 529/865/30 531/867/29
f 532/868/28 530/866/29 531/867/29 533/869/28
f 534/870/27 532/868/28 533/869/28 535/871/27
f 536/872/26 534/873/27 535/874/27 537/875/26
f 538/876/25 536/872/26 537/875/26 539/877/25
f 540/878/24 538/876/25 539/877/25 541/879/24
f 502/880/23 540/878/24 541/879/24 504/881/23
f 405/882/1 402/883/1 462/884/1 463/885/1
f 21/23/42 40/22/42 465/886/42 464/887/42
f 407/888/1 405/882/1 463/885/1 466/889/1
f 40/22/42 39/68/42 467/890/42 465/886/42
f 409/891/1 407/888/1 466/889/1 468/892/1
f 39/68/42 38/62/42 469/893/42 467/890/42
f 411/894/1 409/891/1 468/892/1 470/895/1
f 38/62/42 37/60/42 471/896/42 469/893/42
f 413/897/1 411/894/1 470/895/1 472/898/1
f 37/60/42 36/58/42 473/899/42 471/896/42
f 415/900/1 413/897/1 472/898/1 474/901/1
f 36/58/42 35/56/42 475/902/42 473/899/42
f 417/903/1 415/900/1 474/901/1 476/904/1
f 35/56/42 34/54/42 477/905/42 475/902/42
f 419/906/1 417/903/1 476/904/1 478/907/1
f 34/54/42 33/52/42 479/908/42 477/905/42
f 421/909/1 419/906/1 478/907/1 480/910/1
f 33/52/42 32/50/42 481/911/42 479/908/42
f 423/912/1 421/909/1 480/910/1 482/913/1
f 32/50/42 31/48/42 483/914/42 481/911/42
f 425/915/1 423/912/1 482/913/1 484/916/1
f 31/48/42 30/46/42 485/917/42 483/914/42
f 427/918/1 425/915/1 484/916/1 486/919/1
f 30/46/42 29/43/42 487/920/42 485/917/42
f 429/921/1 427/918/1 486/919/1 488/922/1
f 29/43/42 28/42/42 489/923/42 487/920/42
f 431/924/1 429/921/1 488/922/1 490/925/1
f 28/42/42 27/36/42 491/926/42 489/923/42
f 433/927/1 431/924/1 490/925/1 492/928/1
f 27/36/42 26/34/42 493/929/42 491/926/42
f 435/930/1 433/927/1 492/928/1 494/931/1
f 26/34/42 25/32/42 495/932/42 493/929/42
f 437/933/1 435/930/1 494/931/1 496/934/1
f 25/32/42 24/30/42 497/935/42 495/932/42
f 439/936/1 437/933/1 496/934/1 498/937/1
f 24/30/42 23/28/42 499/938/42 497/935/42
f 441/939/1 439/936/1 498/937/1 500/940/1
f 23/28/42 22/26/42 501/941/42 499/938/42
f 402/883/1 441/939/1 500/940/1 462/884/1
f 22/26/42 21/23/42 464/887/42 501/941/42
f 443/942/1 442/943/1 502/944/1 503/945/1
f 403/946/42 404/947/42 505/948/42 504/949/42
f 444/950/1 443/942/1 503/945/1 506/951/1
f 404/947/42 406/952/42 507/953/42 505/948/42
f 445/954/1 444/950/1 506/951/1 508/955/1
f 406/952/42 408/956/42 509/957/42 507/953/42
f 446/958/1 445/954/1 508/955/1 510/959/1
f 408/956/42 410/960/42 511/961/42 509/957/42
f 447/962/1 446/958/1 510/959/1 512/963/1
f 410/960/42 412/964/42 513/965/42 511/961/42
f 448/966/1 447/962/1 512/963/1 514/967/1
f 412/964/42 414/968/42 515/969/42 513/965/42
f 449/970/1 448/966/1 514/967/1 516/971/1
f 414/968/42 416/972/42 517/973/42 515/969/42
f 450/974/1 449/970/1 516/971/1 518/975/1
f 416/972/42 418/976/42 519/977/42 517/973/42
f 451/978/1 450/974/1 518/975/1 520/979/1
f 418/976/42 420/980/42 521/981/42 519/977/42
f 452/982/1 451/978/1 520/979/1 522/983/1
f 420/980/42 422/984/42 523/985/42 521/981/42
f 453/986/1 452/982/1 522/983/1 524/987/1
f 422/984/42 424/988/42 525/989/42 523/985/42
f 454/990/1 453/986/1 524/987/1 526/991/1
f 424/988/42 426/992/42 527/993/42 525/989/42
f 455/994/1 454/990/1 526/991/1 528/995/1
f 426/992/42 428/996/42 529/997/42 527/993/42
f 456/998/1 455/994/1 528/995/1 530/999/1
f 428/996/42 430/1000/42 531/1001/42 529/997/42
f 457/1002/1 456/998/1 530/999/1 532/1003/1
f 430/1000/42 432/1004/42 533/1005/42 531/1001/42
f 458/1006/1 457/1002/1 532/1003/1 534/1007/1
f 432/1004/42 434/1008/42 535/1009/42 533/1005/42
f 459/1010/1 458/1006/1 534/1007/1 536/1011/1
f 434/1008/42 436/1012/42 537/1013/42 535/1009/42
f 460/1014/1 459/1010/1 536/1011/1 538/1015/1
f 436/1012/42 438/1016/42 539/1017/42 537/1013/42
f 461/1018/1 460/1014/1 538/1015/1 540/1019/1
f 438/1016/42 440/1020/42 541/1021/42 539/1017/42
f 442/943/1 461/1018/1 540/1019/1 502/944/1
f 440/1020/42 403/946/42 504/949/42 541/1021/42
f 542/1022/183 543/1023/184 563/1024/184 562/1025/183
f 543/1023/184 544/1026/185 564/1027/185 563/1024/184
f 544/1028/185 545/1029/186 565/1030/186 564/1031/185
f 545/1029/186 546/1032/22 566/1033/22 565/1030/186
f 546/1032/22 547/1034/187 567/1035/187 566/1033/22
f 547/1034/187 548/1036/188 568/1037/188 567/1035/187
f 548/1038/188 549/1039/189 569/1040/189 568/1041/188
f 549/1039/189 550/1042/190 570/1043/190 569/1040/189
f 550/1042/190 551/1044/1 571/1045/1 570/1043/190
f 551/1044/1 552/1046/191 572/1047/191 571/1045/1
f 552/1046/191 553/1048/192 573/1049/192 572/1047/191
f 553/1048/192 554/1050/193 574/1051/193 573/1049/192
f 554/1052/193 555/1053/194 575/1054/194 574/1055/193
f 555/1053/194 556/1056/32 576/1057/32 575/1054/194
f 556/1056/32 557/1058/195 577/1059/195 576/1057/32
f 557/1058/195 558/1060/196 578/1061/196 577/1059/195
f 558/1062/196 559/1063/197 579/1064/197 578/1065/196
f 559/1063/197 560/1066/198 580/1067/198 579/1064/197
f 560/1066/198 561/1068/42 581/1069/42 580/1067/198
f 561/1068/42 542/1022/183 562/1025/183 581/1069/42
f 543/1070/37 542/1071/37 582/1072/37
f 544/1073/37 543/1070/37 582/1072/37
f 545/1074/37 544/1073/37 582/1072/37
f 546/1075/37 545/1074/37 582/1072/37
f 547/1076/37 546/1075/37 582/1072/37
f 548/1077/37 547/1076/37 582/1072/37
f 549/1078/37 548/1077/37 582/1072/37
f 550/1079/37 549/1078/37 582/1072/37
f 551/1080/37 550/1079/37 582/1072/37
f 552/1081/37 551/1080/37 582/1072/37
f 553/1082/37 552/1081/37 582/1072/37
f 554/1083/37 553/1082/37 582/1072/37
f 555/1084/37 554/1083/37 582/1072/37
f 556/1085/37 555/1084/37 582/1072/37
f 557/1086/37 556/1085/37 582/1072/37
f 558/1087/37 557/1086/37 582/1072/37
f 559/1088/37 558/1087/37 582/1072/37
f 560/1089/37 559/1088/37 582/1072/37
f 561/1090/37 560/1089/37 582/1072/37
f 542/1071/37 561/1090/37 582/1072/37
f 643/1091/27 644/1092/27 645/1093/27
f 644/1092/27 646/1094/27 645/1093/27
f 646/1094/27 647/1095/27 645/1093/27
f 647/1095/27 648/1096/27 645/1093/27
f 648/1096/27 649/1097/27 645/1093/27
f 649/1097/27 650/1098/27 645/1093/27
f 650/1098/27 651/1099/27 645/1093/27
f 651/1099/27 652/1100/27 645/1093/27
f 652/1100/27 653/1101/27 645/1093/27
f 653/1101/27 654/1102/27 645/1093/27
f 654/1102/27 655/1103/27 645/1093/27
f 655/1103/27 656/1104/27 645/1093/27
f 656/1104/27 657/1105/27 645/1093/27
f 657/1105/27 658/1106/27 645/1093/27
f 658/1106/27 659/1107/27 645/1093/27
f 659/1107/27 660/1108/27 645/1093/27
f 660/1108/27 661/1109/27 645/1093/27
f 661/1109/27 662/1110/27 645/1093/27
f 662/1110/27 663/1111/27 645/1093/27
f 663/1111/27 643/1091/27 645/1093/27
f 562/1112/27 563/1113/27 584/1114/27 583/1115/27
f 563/1113/27 564/1116/27 585/1117/27 584/1114/27
f 564/1116/27 565/1118/27 586/1119/27 585/1117/27
f 565/1118/27 566/1120/27 587/1121/27 586/1119/27
f 566/1120/27 567/1122/27 588/1123/27 587/1121/27
f 567/1122/27 568/1124/27 589/1125/27 588/1123/27
f 568/1124/27 569/1126/27 590/1127/27 589/1125/27
f 569/1126/27 570/1128/27 591/1129/27 590/1127/27
f 570/1128/27 571/1130/27 592/1131/27 591/1129/27
f 571/1130/27 572/1132/27 593/1133/27 592/1131/27
f 572/1132/27 573/1134/27 594/1135/27 593/1133/27
f 573/1134/27 574/1136/27 595/1137/27 594/1135/27
f 574/1136/27 575/1138/27 596/1139/27 595/1137/27
f 575/1138/27 576/1140/27 597/1141/27 596/1139/27
f 576/1140/27 577/1142/27 598/1143/27 597/1141/27
f 577/1142/27 578/1144/27 599/1145/27 598/1143/27
f 578/1144/27 579/1146/27 600/1147/27 599/1145/27
f 579/1146/27 580/1148/27 601/1149/27 600/1147/27
f 580/1148/27 581/1150/27 602/1151/27 601/1149/27
f 581/1150/27 562/1112/27 583/1115/27 602/1151/27
f 583/1152/183 584/1153/184 604/1154/184 603/1155/183
f 584/1153/184 585/1156/185 605/1157/185 604/1154/184
f 585/1158/185 586/1159/186 606/1160/186 605/1161/185
f 586/1159/186 587/1162/22 607/1163/22 606/1160/186
f 587/1162/22 588/1164/187 608/1165/187 607/1163/22
f 588/1164/187 589/1166/188 609/1167/188 608/1165/187
f 589/1168/188 590/1169/189 610/1170/189 609/1171/188
f 590/1169/189 591/1172/190 611/1173/190 610/1170/189
f 591/1172/190 592/1174/1 612/1175/1 611/1173/190
f 592/1174/1 593/1176/191 613/1177/191 612/1175/1
f 593/1176/191 594/1178/192 614/1179/192 613/1177/191
f 594/1178/192 595/1180/193 615/1181/193 614/1179/192
f 595/1182/193 596/1183/194 616/1184/194 615/1185/193
f 596/1183/194 597/1186/32 617/1187/32 616/1184/194
f 597/1186/32 598/1188/195 618/1189/195 617/1187/32
f 598/1188/195 599/1190/196 619/1191/196 618/1189/195
f 599/1192/196 600/1193/197 620/1194/197 619/1195/196
f 600/1193/197 601/1196/198 621/1197/198 620/1194/197
f 601/1196/198 602/1198/42 622/1199/42 621/1197/198
f 602/1198/42 583/1152/183 603/1155/183 622/1199/42
f 603/1200/27 604/1201/27 624/1202/27 623/1203/27
f 604/1201/27 605/1204/27 625/1205/27 624/1202/27
f 605/1204/27 606/1206/27 626/1207/27 625/1205/27
f 606/1206/27 607/1208/27 627/1209/27 626/1207/27
f 607/1208/27 608/1210/27 628/1211/27 627/1209/27
f 608/1210/27 609/1212/27 629/1213/27 628/1211/27
f 609/1212/27 610/1214/27 630/1215/27 629/1213/27
f 610/1214/27 611/1216/27 631/1217/27 630/1215/27
f 611/1216/27 612/1218/27 632/1219/27 631/1217/27
f 612/1218/27 613/1220/27 633/1221/27 632/1219/27
f 613/1220/27 614/1222/27 634/1223/27 633/1221/27
f 614/1222/27 615/1224/27 635/1225/27 634/1223/27
f 615/1224/27 616/1226/27 636/1227/27 635/1225/27
f 616/1226/27 617/1228/27 637/1229/27 636/1227/27
f 617/1228/27 618/1230/27 638/1231/27 637/1229/27
f 618/1230/27 619/1232/27 639/1233/27 638/1231/27
f 619/1232/27 620/1234/27 640/1235/27 639/1233/27
f 620/1234/27 621/1236/27 641/1237/27 640/1235/27
f 621/1236/27 622/1238/27 642/1239/27 641/1237/27
f 622/1238/27 603/1200/27 623/1203/27 642/1239/27
f 623/1240/191 624/1241/192 644/1242/192 643/1243/191
f 624/1241/192 625/1244/193 646/1245/193 644/1242/192
f 625/1246/193 626/1247/194 647/1248/194 646/1249/193
f 626/1247/194 627/1250/32 648/1251/32 647/1248/194
f 627/1250/32 628/1252/195 649/1253/195 648/1251/32
f 628/1252/195 629/1254/196 650/1255/196 649/1253/195
f 629/1256/196 630/1257/197 651/1258/197 650/1259/196
f 630/1257/197 631/1260/198 652/1261/198 651/1258/197
f 631/1260/198 632/1262/42 653/1263/42 652/1261/198
f 632/1262/42 633/1264/183 654/1265/183 653/1263/42
f 633/1264/183 634/1266/184 655/1267/184 654/1265/183
f 634/1266/184 635/1268/185 656/1269/185 655/1267/184
f 635/1270/185 636/1271/186 657/1272/186 656/1273/185
f 636/1271/186 637/1274/22 658/1275/22 657/1272/186
f 637/1274/22 638/1276/187 659/1277/187 658/1275/22
f 638/1276/187 639/1278/188 660/1279/188 659/1277/187
f 639/1280/188 640/1281/189 661/1282/189 660/1283/188
f 640/1281/189 641/1284/190 662/1285/190 661/1282/189
f 641/1284/190 642/1286/1 663/1287/1 662/1285/190
f 642/1286/1 623/1240/191 643/1243/191 663/1287/1
f 664/1288/199 704/1289/200 705/1290/201 666/1291/199
f 666/1292/202 705/1293/202 706/1294/202 668/1295/202
f 668/1296/203 706/1297/204 707/1298/205 670/1299/203
f 670/1300/206 707/1301/206 704/1302/206 664/1303/206
f 665/1304/207 671/1305/207 669/1306/207 667/1307/207
f 670/1299/208 664/1308/208 673/1309/208 672/1310/208
f 664/1308/208 666/1311/208 674/1312/208 673/1309/208
f 666/1311/208 668/1296/208 675/1313/208 674/1312/208
f 668/1296/208 670/1299/208 672/1310/208 675/1313/208
f 672/1314/209 673/1315/209 677/1316/210 676/1317/211
f 673/1318/212 674/1319/212 678/1320/213 677/1321/214
f 674/1322/215 675/1323/215 679/1324/216 678/1325/217
f 675/1313/218 672/1310/218 676/1326/219 679/1327/220
f 676/1317/211 677/1316/210 681/1328/221 680/1329/221
f 677/1321/214 678/1320/213 682/1330/222 681/1331/223
f 678/1325/217 679/1324/216 683/1332/224 682/1333/224
f 679/1327/220 676/1326/219 680/1334/225 683/1335/226
f 680/1336/227 681/1337/227 703/1338/228 700/1339/228
f 681/1331/223 682/1330/222 702/1340/229 703/1341/229
f 682/1342/230 683/1343/230 701/1344/231 702/1345/231
f 683/1346/226 680/1347/225 700/1348/232 701/1349/232
f 684/1350/233 685/1351/233 711/1352/234 708/1353/234
f 685/1354/235 686/1355/236 710/1356/37 711/1357/37
f 686/1358/237 687/1359/237 709/1360/238 710/1361/238
f 687/1362/239 684/1363/240 708/1364/27 709/1365/27
f 688/1366/241 689/1367/241 699/1368/242 696/1369/242
f 689/1370/243 690/1371/244 698/1372/245 699/1373/246
f 690/1374/247 691/1375/247 697/1376/248 698/1377/248
f 691/1375/249 688/1378/250 696/1379/251 697/1376/252
f 697/1376/252 696/1379/251 692/1380/253 695/1381/253
f 698/1382/248 697/1383/248 695/1384/254 694/1385/254
f 699/1373/246 698/1372/245 694/1386/255 693/1387/255
f 696/1369/242 699/1368/242 693/1388/256 692/1389/256
f 701/1349/232 700/1348/232 684/1363/240 687/1362/239
f 702/1345/231 701/1344/231 687/1359/237 686/1358/237
f 703/1341/229 702/1340/229 686/1355/236 685/1354/235
f 700/1339/228 703/1338/228 685/1351/233 684/1350/233
f 705/1290/201 704/1289/200 665/1390/257 667/1391/257
f 706/1294/202 705/1293/202 667/1392/202 669/1393/202
f 707/1394/205 706/1395/204 669/1396/258 671/1397/258
f 704/1302/206 707/1301/206 671/1398/206 665/1399/206
f 709/1365/27 708/1364/27 688/1400/250 691/1401/249
f 710/1361/238 709/1360/238 691/1375/247 690/1374/247
f 711/1357/37 710/1356/37 690/1371/244 689/1370/243
f 708/1353/234 711/1352/234 689/1367/241 688/1366/241
f 713/1402/1 712/1403/259 752/1404/1
f 714/1405/1 713/1402/1 752/1404/1
f 715/1406/260 714/1405/1 752/1404/1
f 716/1407/261 715/1406/260 752/1404/1
f 717/1408/262 716/1407/261 752/1404/1
f 718/1409/1 717/1408/262 752/1404/1
f 719/1410/1 718/1409/1 752/1404/1
f 720/1411/263 719/1410/1 752/1404/1
f 721/1412/264 720/1411/263 752/1404/1
f 722/1413/265 721/1412/264 752/1404/1
f 723/1414/1 722/1413/265 752/1404/1
f 724/1415/1 723/1414/1 752/1404/1
f 725/1416/266 724/1415/1 752/1404/1
f 726/1417/267 725/1416/266 752/1404/1
f 727/1418/268 726/1417/267 752/1404/1
f 728/1419/1 727/1418/268 752/1404/1
f 729/1420/1 728/1419/1 752/1404/1
f 730/1421/269 729/1420/1 752/1404/1
f 731/1422/270 730/1421/269 752/1404/1
f 712/1403/259 731/1422/270 752/1404/1
f 732/1423/271 733/1424/42 753/1425/42
f 733/1424/42 734/1426/42 753/1425/42
f 734/1426/42 735/1427/272 753/1425/42
f 735/1427/272 736/1428/273 753/1425/42
f 736/1428/273 737/1429/274 753/1425/42
f 737/1429/274 738/1430/42 753/1425/42
f 738/1430/42 739/1431/42 753/1425/42
f 739/1431/42 740/1432/275 753/1425/42
f 740/1432/275 741/1433/276 753/1425/42
f 741/1433/276 742/1434/277 753/1425/42
f 742/1434/277 743/1435/42 753/1425/42
f 743/1435/42 744/1436/42 753/1425/42
f 744/1436/42 745/1437/278 753/1425/42
f 745/1437/278 746/1438/279 753/1425/42
f 746/1438/279 747/1439/280 753/1425/42
f 747/1439/280 748/1440/42 753/1425/42
f 748/1440/42 749/1441/42 753/1425/42
f 749/1441/42 750/1442/281 753/1425/42
f 750/1442/281 751/1443/282 753/1425/42
f 751/1443/282 732/1423/271 753/1425/42
f 715/1406/260 716/1407/261 755/1444/283 754/1445/284
f 736/1428/273 735/1427/272 757/1446/285 756/1447/286
f 716/1407/261 717/1408/262 758/1448/287 755/1444/283
f 737/1429/274 736/1428/273 756/1447/286 759/1449/288
f 720/1411/263 721/1412/264 761/1450/289 760/1451/290
f 741/1433/276 740/1432/275 763/1452/291 762/1453/292
f 721/1412/264 722/1413/265 764/1454/293 761/1450/289
f 742/1434/277 741/1433/276 762/1453/292 765/1455/294
f 725/1416/266 726/1417/267 767/1456/295 766/1457/296
f 746/1438/279 745/1437/278 769/1458/297 768/1459/298
f 726/1417/267 727/1418/268 770/1460/299 767/1456/295
f 747/1439/280 746/1438/279 768/1459/298 771/1461/300
f 730/1421/269 731/1422/270 773/1462/301 772/1463/302
f 751/1443/282 750/1442/281 775/1464/303 774/1465/304
f 731/1422/270 712/1403/259 776/1466/305 773/1462/301
f 732/1423/271 751/1443/282 774/1465/304 777/1467/306
f 834/1468/307 835/1469/307 836/1470/308 837/1471/308
f 835/1469/309 834/1468/309 838/1472/309 839/1473/309
f 839/1474/310 838/1475/310 840/1476/22 841/1477/22
f 841/1477/22 840/1476/22 842/1478/311 843/1479/311
f 843/1480/312 842/1481/312 844/1482/312 845/1483/312
f 845/1484/313 844/1485/313 846/1486/314 847/1487/314
f 847/1487/314 846/1486/314 848/1488/315 849/1489/315
f 849/1489/315 848/1488/315 850/1490/316 851/1491/316
f 851/1491/317 850/1490/317 852/1492/317 853/1493/317
f 853/1494/318 852/1495/318 854/1496/37 855/1497/37
f 855/1497/37 854/1496/37 856/1498/319 857/1499/319
f 857/1499/320 856/1498/320 858/1500/320 859/1501/320
f 859/1501/321 858/1500/321 860/1502/322 861/1503/322
f 861/1503/322 860/1502/322 862/1504/323 863/1505/323
f 863/1505/323 862/1504/323 864/1506/324 865/1507/324
f 865/1507/325 864/1506/325 866/1508/325 867/1509/325
f 867/1510/326 866/1511/326 868/1512/32 869/1513/32
f 869/1513/32 868/1512/32 870/1514/327 871/1515/327
f 871/1515/328 870/1514/328 872/1516/328 873/1517/328
f 873/1517/329 872/1516/329 874/1518/330 875/1519/330
f 875/1519/330 874/1518/330 876/1520/331 877/1521/331
f 877/1521/331 876/1520/331 878/1522/332 879/1523/332
f 879/1523/333 878/1522/333 880/1524/333 881/1525/333
f 881/1525/334 880/1524/334 882/1526/27 883/1527/27
f 883/1528/27 882/1529/27 884/1530/335 885/1531/335
f 885/1531/336 884/1530/336 886/1532/336 887/1533/336
f 887/1533/337 886/1532/337 888/1534/338 889/1535/338
f 889/1535/338 888/1534/338 837/1471/308 836/1470/308
f 712/1536/307 713/1537/24 832/1538/24 779/1539/307
f 713/1537/24 714/1540/25 830/1541/25 832/1538/24
f 714/1540/25 715/1542/337 828/1543/337 830/1541/25
f 754/1544/335 755/1545/27 824/1546/27 826/1547/335
f 755/1548/27 758/1549/334 822/1550/334 824/1551/27
f 717/1552/332 718/1553/29 818/1554/29 820/1555/332
f 718/1553/29 719/1556/30 816/1557/30 818/1554/29
f 719/1556/30 720/1558/329 814/1559/329 816/1557/30
f 760/1560/327 761/1561/32 810/1562/32 812/1563/327
f 761/1561/32 764/1564/326 808/1565/326 810/1562/32
f 722/1566/324 723/1567/34 804/1568/34 806/1569/324
f 723/1567/34 724/1570/35 802/1571/35 804/1568/34
f 724/1570/35 725/1572/321 800/1573/321 802/1571/35
f 766/1574/319 767/1575/37 796/1576/37 798/1577/319
f 767/1575/37 770/1578/318 794/1579/318 796/1576/37
f 727/1580/316 728/1581/39 790/1582/39 792/1583/316
f 728/1581/39 729/1584/40 788/1585/40 790/1582/39
f 729/1584/40 730/1586/313 786/1587/313 788/1585/40
f 772/1588/311 773/1589/22 782/1590/22 784/1591/311
f 773/1589/22 776/1592/310 780/1593/310 782/1590/22
f 826/1547/336 828/1543/336 715/1542/336 754/1544/336
f 717/1552/333 820/1555/333 822/1550/333 758/1549/333
f 812/1563/328 814/1559/328 720/1558/328 760/1560/328
f 722/1566/325 806/1569/325 808/1594/325 764/1595/325
f 798/1577/320 800/1573/320 725/1572/320 766/1574/320
f 727/1580/317 792/1583/317 794/1596/317 770/1597/317
f 784/1598/312 786/1599/312 730/1600/312 772/1601/312
f 712/1536/309 779/1539/309 780/1602/309 776/1603/309
f 781/1604/309 778/1605/309 732/1606/309 777/1607/309
f 783/1608/22 781/1609/310 777/1610/310 774/1611/22
f 785/1612/311 783/1608/22 774/1611/22 775/1613/311
f 750/1614/312 787/1615/312 785/1616/312 775/1617/312
f 789/1618/40 787/1619/313 750/1620/313 749/1621/40
f 791/1622/39 789/1618/40 749/1621/40 748/1623/39
f 793/1624/316 791/1622/39 748/1623/39 747/1625/316
f 795/1626/317 793/1624/317 747/1625/317 771/1627/317
f 797/1628/37 795/1629/318 771/1630/318 768/1631/37
f 799/1632/319 797/1628/37 768/1631/37 769/1633/319
f 745/1634/320 801/1635/320 799/1632/320 769/1633/320
f 803/1636/35 801/1635/321 745/1634/321 744/1637/35
f 805/1638/34 803/1636/35 744/1637/35 743/1639/34
f 807/1640/324 805/1638/34 743/1639/34 742/1641/324
f 809/1642/325 807/1640/325 742/1641/325 765/1643/325
f 811/1644/32 809/1645/326 765/1646/326 762/1647/32
f 813/1648/327 811/1644/32 762/1647/32 763/1649/327
f 740/1650/328 815/1651/328 813/1648/328 763/1649/328
f 817/1652/30 815/1651/329 740/1650/329 739/1653/30
f 819/1654/29 817/1652/30 739/1653/30 738/1655/29
f 821/1656/332 819/1654/29 738/1655/29 737/1657/332
f 823/1658/333 821/1656/333 737/1657/333 759/1659/333
f 825/1660/27 823/1658/334 759/1659/334 756/1661/27
f 827/1662/335 825/1663/27 756/1664/27 757/1665/335
f 735/1666/336 829/1667/336 827/1662/336 757/1665/336
f 831/1668/25 829/1667/337 735/1666/337 734/1669/25
f 833/1670/24 831/1668/25 734/1669/25 733/1671/24
f 778/1605/307 833/1670/24 733/1671/24 732/1606/307
f 779/1672/42 832/1673/42 836/1674/42 835/1675/42
f 833/1676/1 778/1677/1 834/1678/1 837/1679/1
f 778/1677/1 781/1680/1 838/1681/1 834/1678/1
f 780/1682/42 779/1672/42 835/1675/42 839/1683/42
f 781/1680/1 783/1684/1 840/1685/1 838/1681/1
f 782/1686/42 780/1682/42 839/1683/42 841/1687/42
f 783/1684/1 785/1688/1 842/1689/1 840/1685/1
f 784/1690/42 782/1686/42 841/1687/42 843/1691/42
f 785/1688/1 787/1692/1 844/1693/1 842/1689/1
f 786/1694/42 784/1690/42 843/1691/42 845/1695/42
f 787/1692/1 789/1696/1 846/1697/1 844/1693/1
f 788/1698/42 786/1694/42 845/1695/42 847/1699/42
f 789/1696/1 791/1700/1 848/1701/1 846/1697/1
f 790/1702/42 788/1698/42 847/1699/42 849/1703/42
f 791/1700/1 793/1704/1 850/1705/1 848/1701/1
f 792/1706/42 790/1702/42 849/1703/42 851/1707/42
f 793/1704/1 795/1708/1 852/1709/1 850/1705/1
f 794/1710/42 792/1706/42 851/1707/42 853/1711/42
f 795/1708/1 797/1712/1 854/1713/1 852/1709/1
f 796/1714/42 794/1710/42 853/1711/42 855/1715/42
f 797/1712/1 799/1716/1 856/1717/1 854/1713/1
f 798/1718/42 796/1714/42 855/1715/42 857/1719/42
f 799/1716/1 801/1720/1 858/1721/1 856/1717/1
f 800/1722/42 798/1718/42 857/1719/42 859/1723/42
f 801/1720/1 803/1724/1 860/1725/1 858/1721/1
f 802/1726/42 800/1722/42 859/1723/42 861/1727/42
f 803/1724/1 805/1728/1 862/1729/1 860/1725/1
f 804/1730/42 802/1726/42 861/1727/42 863/1731/42
f 805/1728/1 807/1732/1 864/1733/1 862/1729/1
f 806/1734/42 804/1730/42 863/1731/42 865/1735/42
f 807/1732/1 809/1736/1 866/1737/1 864/1733/1
f 808/1738/42 806/1734/42 865/1735/42 867/1739/42
f 809/1736/1 811/1740/1 868/1741/1 866/1737/1
f 810/1742/42 808/1738/42 867/1739/42 869/1743/42
f 811/1740/1 813/1744/1 870/1745/1 868/1741/1
f 812/1746/42 810/1742/42 869/1743/42 871/1747/42
f 813/1744/1 815/1748/1 872/1749/1 870/1745/1
f 814/1750/42 812/1746/42 871/1747/42 873/1751/42
f 815/1748/1 817/1752/1 874/1753/1 872/1749/1
f 816/1754/42 814/1750/42 873/1751/42 875/1755/42
f 817/1752/1 819/1756/1 876/1757/1 874/1753/1
f 818/1758/42 816/1754/42 875/1755/42 877/1759/42
f 819/1756/1 821/1760/1 878/1761/1 876/1757/1
f 820/1762/42 818/1758/42 877/1759/42 879/1763/42
f 821/1760/1 823/1764/1 880/1765/1 878/1761/1
f 822/1766/42 820/1762/42 879/1763/42 881/1767/42
f 823/1764/1 825/1768/1 882/1769/1 880/1765/1
f 824/1770/42 822/1766/42 881/1767/42 883/1771/42
f 825/1768/1 827/1772/1 884/1773/1 882/1769/1
f 826/1774/42 824/1770/42 883/1771/42 885/1775/42
f 827/1772/1 829/1776/1 886/1777/1 884/1773/1
f 828/1778/42 826/1774/42 885/1775/42 887/1779/42
f 829/1776/1 831/1780/1 888/1781/1 886/1777/1
f 830/1782/42 828/1778/42 887/1779/42 889/1783/42
f 831/1780/1 833/1676/1 837/1679/1 888/1781/1
f 832/1673/42 830/1782/42 889/1783/42 836/1674/42
f 891/1784/1 890/1785/339 930/1786/1
f 892/1787/1 891/1784/1 930/1786/1
f 893/1788/260 892/1787/1 930/1786/1
f 894/1789/261 893/1788/260 930/1786/1
f 895/1790/262 894/1789/261 930/1786/1
f 896/1791/1 895/1790/262 930/1786/1
f 897/1792/1 896/1791/1 930/1786/1
f 898/1793/263 897/1792/1 930/1786/1
f 899/1794/264 898/1793/263 930/1786/1
f 900/1795/265 899/1794/264 930/1786/1
f 901/1796/1 900/1795/265 930/1786/1
f 902/1797/1 901/1796/1 930/1786/1
f 903/1798/266 902/1797/1 930/1786/1
f 904/1799/267 903/1798/266 930/1786/1
f 905/1800/268 904/1799/267 930/1786/1
f 906/1801/1 905/1800/268 930/1786/1
f 907/1802/1 906/1801/1 930/1786/1
f 908/1803/269 907/1802/1 930/1786/1
f 909/1804/270 908/1803/269 930/1786/1
f 890/1785/339 909/1804/270 930/1786/1
f 910/1805/271 911/1806/42 931/1807/42
f 911/1806/42 912/1808/42 931/1807/42
f 912/1808/42 913/1809/272 931/1807/42
f 913/1809/272 914/1810/273 931/1807/42
f 914/1810/273 915/1811/274 931/1807/42
f 915/1811/274 916/1812/42 931/1807/42
f 916/1812/42 917/1813/42 931/1807/42
f 917/1813/42 918/1814/275 931/1807/42
f 918/1814/275 919/1815/276 931/1807/42
f 919/1815/276 920/1816/277 931/1807/42
f 920/1816/277 921/1817/42 931/1807/42
f 921/1817/42 922/1818/42 931/1807/42
f 922/1818/42 923/1819/278 931/1807/42
f 923/1819/278 924/1820/279 931/1807/42
f 924/1820/279 925/1821/280 931/1807/42
f 925/1821/280 926/1822/42 931/1807/42
f 926/1822/42 927/1823/42 931/1807/42
f 927/1823/42 928/1824/281 931/1807/42
f 928/1824/281 929/1825/282 931/1807/42
f 929/1825/282 910/1805/271 931/1807/42
f 893/1788/260 894/1789/261 933/1826/283 932/1827/284
f 914/1810/273 913/1809/272 935/1828/285 934/1829/286
f 894/1789/261 895/1790/262 936/1830/287 933/1826/283
f 915/1811/274 914/1810/273 934/1829/286 937/1831/288
f 898/1793/263 899/1794/264 939/1832/289 938/1833/290
f 919/1815/276 918/1814/275 941/1834/291 940/1835/292
f 899/1794/264 900/1795/265 942/1836/293 939/1832/289
f 920/1816/277 919/1815/276 940/1835/292 943/1837/294
f 903/1798/266 904/1799/267 945/1838/295 944/1839/296
f 924/1820/279 923/1819/278 947/1840/297 946/1841/298
f 904/1799/267 905/1800/268 948/1842/299 945/1838/295
f 925/1821/280 924/1820/279 946/1841/298 949/1843/300
f 908/1803/269 909/1804/270 951/1844/301 950/1845/302
f 929/1825/282 928/1824/281 953/1846/303 952/1847/304
f 909/1804/270 890/1785/339 954/1848/340 951/1844/301
f 910/1805/271 929/1825/282 952/1847/304 955/1849/306
f 1012/1850/307 1013/1851/307 1014/1852/308 1015/1853/308
f 1013/1851/309 1012/1850/309 1016/1854/309 1017/1855/309
f 1017/1856/310 1016/1857/310 1018/1858/22 1019/1859/22
f 1019/1859/22 1018/1858/22 1020/1860/311 1021/1861/311
f 1021/1862/312 1020/1863/312 1022/1864/312 1023/1865/312
f 1023/1866/313 1022/1867/313 1024/1868/314 1025/1869/314
f 1025/1869/314 1024/1868/314 1026/1870/315 1027/1871/315
f 1027/1871/315 1026/1870/315 1028/1872/316 1029/1873/316
f 1029/1873/317 1028/1872/317 1030/1874/317 1031/1875/317
f 1031/1876/318 1030/1877/318 1032/1878/37 1033/1879/37
f 1033/1879/37 1032/1878/37 1034/1880/319 1035/1881/319
f 1035/1881/320 1034/1880/320 1036/1882/320 1037/1883/320
f 1037/1883/321 1036/1882/321 1038/1884/322 1039/1885/322
f 1039/1885/322 1038/1884/322 1040/1886/323 1041/1887/323
f 1041/1887/323 1040/1886/323 1042/1888/324 1043/1889/324
f 1043/1889/325 1042/1888/325 1044/1890/325 1045/1891/325
f 1045/1892/326 1044/1893/326 1046/1894/32 1047/1895/32
f 1047/1895/32 1046/1894/32 1048/1896/327 1049/1897/327
f 1049/1897/328 1048/1896/328 1050/1898/328 1051/1899/328
f 1051/1899/329 1050/1898/329 1052/1900/330 1053/1901/330
f 1053/1901/330 1052/1900/330 1054/1902/331 1055/1903/331
f 1055/1903/331 1054/1902/331 1056/1904/332 1057/1905/332
f 1057/1905/333 1056/1904/333 1058/1906/333 1059/1907/333
f 1059/1907/334 1058/1906/334 1060/1908/27 1061/1909/27
f 1061/1910/27 1060/1911/27 1062/1912/335 1063/1913/335
f 1063/1913/336 1062/1912/336 1064/1914/336 1065/1915/336
f 1065/1915/337 1064/1914/337 1066/1916/338 1067/1917/338
f 1067/1917/338 1066/1916/338 1015/1853/308 1014/1852/308
f 890/1918/307 891/1919/24 1010/1920/24 957/1921/307
f 891/1919/24 892/1922/25 1008/1923/25 1010/1920/24
f 892/1922/25 893/1924/337 1006/1925/337 1008/1923/25
f 932/1926/335 933/1927/27 1002/1928/27 1004/1929/335
f 933/1930/27 936/1931/334 1000/1932/334 1002/1933/27
f 895/1934/332 896/1935/29 996/1936/29 998/1937/332
f 896/1935/29 897/1938/30 994/1939/30 996/1936/29
f 897/1938/30 898/1940/329 992/1941/329 994/1939/30
f 938/1942/327 939/1943/32 988/1944/32 990/1945/327
f 939/1943/32 942/1946/326 986/1947/326 988/1944/32
f 900/1948/324 901/1949/34 982/1950/34 984/1951/324
f 901/1949/34 902/1952/35 980/1953/35 982/1950/34
f 902/1952/35 903/1954/321 978/1955/321 980/1953/35
f 944/1956/319 945/1957/37 974/1958/37 976/1959/319
f 945/1957/37 948/1960/318 972/1961/318 974/1958/37
f 905/1962/316 906/1963/39 968/1964/39 970/1965/316
f 906/1963/39 907/1966/40 966/1967/40 968/1964/39
f 907/1966/40 908/1968/313 964/1969/313 966/1967/40
f 950/1970/311 951/1971/22 960/1972/22 962/1973/311
f 951/1971/22 954/1974/310 958/1975/310 960/1972/22
f 1004/1929/336 1006/1925/336 893/1924/336 932/1926/336
f 895/1934/333 998/1937/333 1000/1932/333 936/1931/333
f 990/1945/328 992/1941/328 898/1940/328 938/1942/328
f 900/1948/325 984/1951/325 986/1976/325 942/1977/325
f 976/1959/320 978/1955/320 903/1954/320 944/1956/320
f 905/1962/317 970/1965/317 972/1978/317 948/1979/317
f 962/1980/312 964/1981/312 908/1982/312 950/1983/312
f 890/1918/309 957/1921/309 958/1984/309 954/1985/309
f 959/1986/309 956/1987/309 910/1988/309 955/1989/309
f 961/1990/22 959/1991/310 955/1992/310 952/1993/22
f 963/1994/311 961/1990/22 952/1993/22 953/1995/311
f 928/1996/312 965/1997/312 963/1998/312 953/1999/312
f 967/2000/40 965/2001/313 928/2002/313 927/2003/40
f 969/2004/39 967/2000/40 927/2003/40 926/2005/39
f 971/2006/316 969/2004/39 926/2005/39 925/2007/316
f 973/2008/317 971/2006/317 925/2007/317 949/2009/317
f 975/2010/37 973/2011/318 949/2012/318 946/2013/37
f 977/2014/319 975/2010/37 946/2013/37 947/2015/319
f 923/2016/320 979/2017/320 977/2014/320 947/2015/320
f 981/2018/35 979/2017/321 923/2016/321 922/2019/35
f 983/2020/34 981/2018/35 922/2019/35 921/2021/34
f 985/2022/324 983/2020/34 921/2021/34 920/2023/324
f 987/2024/325 985/2022/325 920/2023/325 943/2025/325
f 989/2026/32 987/2027/326 943/2028/326 940/2029/32
f 991/2030/327 989/2026/32 940/2029/32 941/2031/327
f 918/2032/328 993/2033/328 991/2030/328 941/2031/328
f 995/2034/30 993/2033/329 918/2032/329 917/2035/30
f 997/2036/29 995/2034/30 917/2035/30 916/2037/29
f 999/2038/332 997/2036/29 916/2037/29 915/2039/332
f 1001/2040/333 999/2038/333 915/2039/333 937/2041/333
f 1003/2042/27 1001/2040/334 937/2041/334 934/2043/27
f 1005/2044/335 1003/2045/27 934/2046/27 935/2047/335
f 913/2048/336 1007/2049/336 1005/2044/336 935/2047/336
f 1009/2050/25 1007/2049/337 913/2048/337 912/2051/25
f 1011/2052/24 1009/2050/25 912/2051/25 911/2053/24
f 956/1987/307 1011/2052/24 911/2053/24 910/1988/307
f 957/2054/42 1010/2055/42 1014/2056/42 1013/2057/42
f 1011/2058/1 956/2059/1 1012/2060/1 1015/2061/1
f 956/2059/1 959/2062/1 1016/2063/1 1012/2060/1
f 958/2064/42 957/2054/42 1013/2057/42 1017/2065/42
f 959/2062/1 961/2066/1 1018/2067/1 1016/2063/1
f 960/2068/42 958/2064/42 1017/2065/42 1019/2069/42
f 961/2066/1 963/2070/1 1020/2071/1 1018/2067/1
f 962/2072/42 960/2068/42 1019/2069/42 1021/2073/42
f 963/2070/1 965/2074/1 1022/2075/1 1020/2071/1
f 964/2076/42 962/2072/42 1021/2073/42 1023/2077/42
f 965/2074/1 967/2078/1 1024/2079/1 1022/2075/1
f 966/2080/42 964/2076/42 1023/2077/42 1025/2081/42
f 967/2078/1 969/2082/1 1026/2083/1 1024/2079/1
f 968/2084/42 966/2080/42 1025/2081/42 1027/2085/42
f 969/2082/1 971/2086/1 1028/2087/1 1026/2083/1
f 970/2088/42 968/2084/42 1027/2085/42 1029/2089/42
f 971/2086/1 973/2090/1 1030/2091/1 1028/2087/1
f 972/2092/42 970/2088/42 1029/2089/42 1031/2093/42
f 973/2090/1 975/2094/1 1032/2095/1 1030/2091/1
f 974/2096/42 972/2092/42 1031/2093/42 1033/2097/42
f 975/2094/1 977/2098/1 1034/2099/1 1032/2095/1
f 976/2100/42 974/2096/42 1033/2097/42 1035/2101/42
f 977/2098/1 979/2102/1 1036/2103/1 1034/2099/1
f 978/2104/42 976/2100/42 1035/2101/42 1037/2105/42
f 979/2102/1 981/2106/1 1038/2107/1 1036/2103/1
f 980/2108/42 978/2104/42 1037/2105/42 1039/2109/42
f 981/2106/1 983/2110/1 1040/2111/1 1038/2107/1
f 982/2112/42 980/2108/42 1039/2109/42 1041/2113/42
f 983/2110/1 985/2114/1 1042/2115/1 1040/2111/1
f 984/2116/42 982/2112/42 1041/2113/42 1043/2117/42
f 985/2114/1 987/2118/1 1044/2119/1 1042/2115/1
f 986/2120/42 984/2116/42 1043/2117/42 1045/2121/42
f 987/2118/1 989/2122/1 1046/2123/1 1044/2119/1
f 988/2124/42 986/2120/42 1045/2121/42 1047/2125/42
f 989/2122/1 991/2126/1 1048/2127/1 1046/2123/1
f 990/2128/42 988/2124/42 1047/2125/42 1049/2129/42
f 991/2126/1 993/2130/1 1050/2131/1 1048/2127/1
f 992/2132/42 990/2128/42 1049/2129/42 1051/2133/42
f 993/2130/1 995/2134/1 1052/2135/1 1050/2131/1
f 994/2136/42 992/2132/42 1051/2133/42 1053/2137/42
f 995/2134/1 997/2138/1 1054/2139/1 1052/2135/1
f 996/2140/42 994/2136/42 1053/2137/42 1055/2141/42
f 997/2138/1 999/2142/1 1056/2143/1 1054/2139/1
f 998/2144/42 996/2140/42 1055/2141/42 1057/2145/42
f 999/2142/1 1001/2146/1 1058/2147/1 1056/2143/1
f 1000/2148/42 998/2144/42 1057/2145/42 1059/2149/42
f 1001/2146/1 1003/2150/1 1060/2151/1 1058/2147/1
f 1002/2152/42 1000/2148/42 1059/2149/42 1061/2153/42
f 1003/2150/1 1005/2154/1 1062/2155/1 1060/2151/1
f 1004/2156/42 1002/2152/42 1061/2153/42 1063/2157/42
f 1005/2154/1 1007/2158/1 1064/2159/1 1062/2155/1
f 1006/2160/42 1004/2156/42 1063/2157/42 1065/2161/42
f 1007/2158/1 1009/2162/1 1066/2163/1 1064/2159/1
f 1008/2164/42 1006/2160/42 1065/2161/42 1067/2165/42
f 1009/2162/1 1011/2058/1 1015/2061/1 1066/2163/1
f 1010/2055/42 1008/2164/42 1067/2165/42 1014/2056/42
f 1068/2166/37 1069/1383/37 1071/2167/37 1070/2168/37
f 1070/2169/42 1071/2170/42 1073/2171/42 1072/2172/42
f 1072/2173/27 1073/2174/27 1075/2175/27 1074/2176/27
f 1074/2177/1 1075/2178/1 1069/2179/1 1068/2180/1
f 1069/2181/22 1075/2182/22 1073/2183/22 1071/2184/22
f 1074/2185/32 1068/2186/32 1070/2187/32 1072/2188/32
f 1076/2189/341 1077/2190/24 1097/2191/24 1096/2192/341
f 1077/2190/24 1078/2193/25 1098/2194/25 1097/2191/24
f 1078/2193/25 1079/2195/342 1099/2196/342 1098/2194/25
f 1079/2195/342 1080/2197/27 1100/2198/27 1099/2196/342
f 1080/2199/27 1081/2200/343 1101/2201/343 1100/2202/27
f 1081/2200/343 1082/2203/29 1102/2204/29 1101/2201/343
f 1082/2203/29 1083/2205/30 1103/2206/30 1102/2204/29
f 1083/2205/30 1084/2207/344 1104/2208/344 1103/2206/30
f 1084/2207/344 1085/2209/32 1105/2210/32 1104/2208/344
f 1085/2209/32 1086/2211/345 1106/2212/345 1105/2210/32
f 1086/2213/345 1087/2214/34 1107/2215/34 1106/2216/345
f 1087/2214/34 1088/2217/35 1108/2218/35 1107/2215/34
f 1088/2217/35 1089/2219/346 1109/2220/346 1108/2218/35
f 1089/2219/346 1090/2221/37 1110/2222/37 1109/2220/346
f 1090/2221/37 1091/2223/347 1111/2224/347 1110/2222/37
f 1091/2225/347 1092/2226/39 1112/2227/39 1111/2228/347
f 1092/2226/39 1093/2229/40 1113/2230/40 1112/2227/39
f 1093/2229/40 1094/2231/348 1114/2232/348 1113/2230/40
f 1094/2231/348 1095/2233/22 1115/2234/22 1114/2232/348
f 1095/2233/22 1076/2235/341 1096/2236/341 1115/2234/22
f 1077/2237/1 1076/2238/1 1116/2239/1
f 1078/2240/1 1077/2237/1 1116/2239/1
f 1079/2241/1 1078/2240/1 1116/2239/1
f 1080/2242/1 1079/2241/1 1116/2239/1
f 1081/2243/1 1080/2242/1 1116/2239/1
f 1082/2244/1 1081/2243/1 1116/2239/1
f 1083/2245/1 1082/2244/1 1116/2239/1
f 1084/2246/1 1083/2245/1 1116/2239/1
f 1085/2247/1 1084/2246/1 1116/2239/1
f 1086/2248/1 1085/2247/1 1116/2239/1
f 1087/2249/1 1086/2248/1 1116/2239/1
f 1088/2250/1 1087/2249/1 1116/2239/1
f 1089/2251/1 1088/2250/1 1116/2239/1
f 1090/2252/1 1089/2251/1 1116/2239/1
f 1091/2253/1 1090/2252/1 1116/2239/1
f 1092/2254/1 1091/2253/1 1116/2239/1
f 1093/2255/1 1092/2254/1 1116/2239/1
f 1094/2256/1 1093/2255/1 1116/2239/1
f 1095/2257/1 1094/2256/1 1116/2239/1
f 1076/2238/1 1095/2257/1 1116/2239/1
f 1117/2258/341 1118/2259/24 1119/2260/24 1120/2261/341
f 1118/2259/24 1121/2262/25 1122/2263/25 1119/2260/24
f 1121/2262/25 1123/2264/26 1124/2265/26 1122/2263/25
f 1123/2264/26 1125/2266/27 1126/2267/27 1124/2265/26
f 1125/2268/27 1127/2269/343 1128/2270/28 1126/2271/27
f 1127/2269/343 1129/2272/29 1130/2273/29 1128/2270/28
f 1129/2272/29 1131/2274/30 1132/2275/30 1130/2273/29
f 1131/2274/30 1133/2276/344 1134/2277/344 1132/2275/30
f 1133/2276/344 1135/2278/32 1136/2279/32 1134/2277/344
f 1135/2278/32 1137/2280/345 1138/2281/345 1136/2279/32
f 1137/2282/345 1139/2283/34 1140/2284/34 1138/2285/345
f 1139/2283/34 1141/2286/35 1142/2287/35 1140/2284/34
f 1141/2286/35 1143/2288/346 1144/2289/346 1142/2287/35
f 1143/2288/346 1145/2290/37 1146/2291/37 1144/2289/346
f 1145/2290/37 1147/2292/347 1148/2293/347 1146/2291/37
f 1147/2294/347 1149/2295/39 1150/2296/39 1148/2297/347
f 1149/2295/39 1151/2298/40 1152/2299/40 1150/2296/39
f 1151/2298/40 1153/2300/348 1154/2301/348 1152/2299/40
f 1153/2300/348 1155/2302/22 1156/2303/22 1154/2301/348
f 1155/2302/22 1117/2304/341 1120/2305/341 1156/2303/22
f 1096/2306/1 1097/2307/1 1118/2308/1 1117/2309/1
f 1097/2307/1 1098/2310/1 1121/2311/1 1118/2308/1
f 1098/2310/1 1099/2312/1 1123/2313/1 1121/2311/1
f 1099/2312/1 1100/2314/1 1125/2315/1 1123/2313/1
f 1100/2314/1 1101/2316/1 1127/2317/1 1125/2315/1
f 1101/2316/1 1102/2318/1 1129/2319/1 1127/2317/1
f 1102/2318/1 1103/2320/1 1131/2321/1 1129/2319/1
f 1103/2320/1 1104/2322/1 1133/2323/1 1131/2321/1
f 1104/2322/1 1105/2324/1 1135/2325/1 1133/2323/1
f 1105/2324/1 1106/2326/1 1137/2327/1 1135/2325/1
f 1106/2326/1 1107/2328/1 1139/2329/1 1137/2327/1
f 1107/2328/1 1108/2330/1 1141/2331/1 1139/2329/1
f 1108/2330/1 1109/2332/1 1143/2333/1 1141/2331/1
f 1109/2332/1 1110/2334/1 1145/2335/1 1143/2333/1
f 1110/2334/1 1111/2336/1 1147/2337/1 1145/2335/1
f 1111/2336/1 1112/2338/1 1149/2339/1 1147/2337/1
f 1112/2338/1 1113/2340/1 1151/2341/1 1149/2339/1
f 1113/2340/1 1114/2342/1 1153/2343/1 1151/2341/1
f 1114/2342/1 1115/2344/1 1155/2345/1 1153/2343/1
f 1115/2344/1 1096/2306/1 1117/2309/1 1155/2345/1
f 1120/2346/42 1119/2347/42 1158/2348/42 1157/2349/42
f 1119/2347/42 1122/2350/42 1159/2351/42 1158/2348/42
f 1122/2350/42 1124/2352/42 1160/2353/42 1159/2351/42
f 1124/2352/42 1126/2354/42 1161/2355/42 1160/2353/42
f 1126/2354/42 1128/2356/42 1162/2357/42 1161/2355/42
f 1128/2356/42 1130/2358/42 1163/2359/42 1162/2357/42
f 1130/2358/42 1132/2360/42 1164/2361/42 1163/2359/42
f 1132/2360/42 1134/2362/42 1165/2363/42 1164/2361/42
f 1134/2362/42 1136/2364/42 1166/2365/42 1165/2363/42
f 1136/2364/42 1138/2366/42 1167/2367/42 1166/2365/42
f 1138/2366/42 1140/2368/42 1168/2369/42 1167/2367/42
f 1140/2368/42 1142/2370/42 1169/2371/42 1168/2369/42
f 1142/2370/42 1144/2372/42 1170/2373/42 1169/2371/42
f 1144/2372/42 1146/2374/42 1171/2375/42 1170/2373/42
f 1146/2374/42 1148/2376/42 1172/2377/42 1171/2375/42
f 1148/2376/42 1150/2378/42 1173/2379/42 1172/2377/42
f 1150/2378/42 1152/2380/42 1174/2381/42 1173/2379/42
f 1152/2380/42 1154/2382/42 1175/2383/42 1174/2381/42
f 1154/2382/42 1156/2384/42 1176/2385/42 1175/2383/42
f 1156/2384/42 1120/2346/42 1157/2349/42 1176/2385/42
f 1157/2386/341 1158/2387/24 1178/2388/24 1177/2389/349
f 1158/2387/24 1159/2390/25 1179/2391/25 1178/2388/24
f 1159/2390/25 1160/2392/26 1180/2393/26 1179/2391/25
f 1160/2392/26 1161/2394/350 1181/2395/350 1180/2393/26
f 1161/2396/350 1162/2397/351 1182/2398/351 1181/2399/350
f 1162/2397/351 1163/2400/29 1183/2401/29 1182/2398/351
f 1163/2400/29 1164/2402/30 1184/2403/30 1183/2401/29
f 1164/2402/30 1165/2404/344 1185/2405/344 1184/2403/30
f 1165/2404/344 1166/2406/32 1186/2407/32 1185/2405/344
f 1166/2406/32 1167/2408/345 1187/2409/345 1186/2407/32
f 1167/2410/345 1168/2411/34 1188/2412/34 1187/2413/345
f 1168/2411/34 1169/2414/35 1189/2415/35 1188/2412/34
f 1169/2414/35 1170/2416/36 1190/2417/36 1189/2415/35
f 1170/2416/36 1171/2418/37 1191/2419/37 1190/2417/36
f 1171/2418/37 1172/2420/38 1192/2421/38 1191/2419/37
f 1172/2422/38 1173/2423/39 1193/2424/39 1192/2425/38
f 1173/2423/39 1174/2426/40 1194/2427/40 1193/2424/39
f 1174/2426/40 1175/2428/348 1195/2429/348 1194/2427/40
f 1175/2428/348 1176/2430/22 1196/2431/22 1195/2429/348
f 1176/2430/22 1157/2432/341 1177/2433/349 1196/2431/22
f 1197/2434/37 1198/2435/37 1212/2436/37 1209/2437/37
f 1199/2438/42 1200/2439/352 1202/2440/352 1201/2441/42
f 1210/2442/27 1211/2443/27 1204/2444/27 1203/2445/27
f 1203/2446/1 1204/2447/353 1198/2448/353 1197/2449/1
f 1214/2450/354 1213/2451/354 1215/2452/354 1216/2453/354
f 1203/2454/355 1197/2455/355 1209/2456/356 1210/2457/356
f 1205/2458/357 1206/2459/357 1199/2460/358 1201/2461/358
f 1201/2462/27 1202/2463/27 1208/2464/27 1205/2465/27
f 1217/2466/359 1218/2467/359 1219/2468/359 1220/2469/359
f 1206/2470/37 1207/2471/37 1200/2472/37 1199/2473/37
f 1198/2448/353 1204/2447/353 1213/2474/360 1214/2475/360
f 1204/2444/27 1211/2443/27 1215/2476/27 1213/2477/27
f 1211/2478/361 1212/2479/361 1216/2480/361 1215/2481/361
f 1212/2436/37 1198/2435/37 1214/2482/37 1216/2483/37
f 1207/2484/362 1208/2485/362 1218/2486/362 1217/2487/362
f 1208/2464/27 1202/2463/27 1219/2488/27 1218/2489/27
f 1202/2440/352 1200/2439/352 1220/2490/363 1219/2491/363
f 1200/2472/37 1207/2471/37 1217/2492/37 1220/2493/37
f 1223/2494/364 1222/2495/365 1225/2496/365 1224/2497/364
f 1222/2495/365 1221/2498/366 1226/2499/366 1225/2496/365
f 1226/2499/366 1221/2498/366 1206/2459/357 1205/2458/357
f 1221/2500/37 1230/2501/37 1207/2471/37 1206/2470/37
f 1230/2502/367 1229/2503/367 1208/2504/368 1207/2505/368
f 1205/2465/27 1208/2464/27 1229/2506/27 1226/2507/27
f 1210/2457/356 1209/2456/356 1223/2494/364 1224/2497/364
f 1224/2508/27 1227/2509/27 1211/2443/27 1210/2442/27
f 1212/2510/369 1211/2511/369 1227/2512/370 1232/2513/370
f 1209/2437/37 1212/2436/37 1232/2514/37 1223/2515/37
f 1221/2500/37 1222/2516/37 1231/2517/37 1230/2501/37
f 1222/2516/37 1223/2515/37 1232/2514/37 1231/2517/37
f 1224/2508/27 1225/2518/27 1228/2519/27 1227/2509/27
f 1225/2518/27 1226/2507/27 1229/2506/27 1228/2519/27
f 1227/2512/370 1228/2520/371 1231/2521/371 1232/2513/370
f 1228/2520/371 1229/2503/367 1230/2502/367 1231/2521/371
f 1233/2522/23 1234/2523/24 1254/2524/24 1253/2525/23
f 1234/2523/24 1235/2526/25 1255/2527/25 1254/2524/24
f 1235/2526/25 1236/2528/26 1256/2529/26 1255/2527/25
f 1236/2528/26 1237/2530/27 1257/2531/27 1256/2529/26
f 1237/2532/27 1238/2533/28 1258/2534/28 1257/2535/27
f 1238/2533/28 1239/2536/29 1259/2537/29 1258/2534/28
f 1239/2536/29 1240/2538/30 1260/2539/30 1259/2537/29
f 1240/2538/30 1241/2540/31 1261/2541/31 1260/2539/30
f 1241/2540/31 1242/2542/32 1262/2543/32 1261/2541/31
f 1242/2542/32 1243/2544/33 1263/2545/33 1262/2543/32
f 1243/2546/33 1244/2547/34 1264/2548/34 1263/2549/33
f 1244/2547/34 1245/2550/35 1265/2551/35 1264/2548/34
f 1245/2550/35 1246/2552/36 1266/2553/36 1265/2551/35
f 1246/2552/36 1247/2554/37 1267/2555/37 1266/2553/36
f 1247/2554/37 1248/2556/38 1268/2557/38 1267/2555/37
f 1248/2558/38 1249/2559/39 1269/2560/39 1268/2561/38
f 1249/2559/39 1250/2562/40 1270/2563/40 1269/2560/39
f 1250/2562/40 1251/2564/41 1271/2565/41 1270/2563/40
f 1251/2564/41 1252/2566/22 1272/2567/22 1271/2565/41
f 1252/2566/22 1233/2568/23 1253/2569/23 1272/2567/22
f 1234/2570/1 1233/2571/1 1273/2572/1
f 1235/2573/1 1234/2570/1 1273/2572/1
f 1236/2574/1 1235/2573/1 1273/2572/1
f 1237/2575/1 1236/2574/1 1273/2572/1
f 1238/2576/1 1237/2575/1 1273/2572/1
f 1239/2577/1 1238/2576/1 1273/2572/1
f 1240/2578/1 1239/2577/1 1273/2572/1
f 1241/2579/1 1240/2578/1 1273/2572/1
f 1242/2580/1 1241/2579/1 1273/2572/1
f 1243/2581/1 1242/2580/1 1273/2572/1
f 1244/2582/1 1243/2581/1 1273/2572/1
f 1245/2583/1 1244/2582/1 1273/2572/1
f 1246/2584/1 1245/2583/1 1273/2572/1
f 1247/2585/1 1246/2584/1 1273/2572/1
f 1248/2586/1 1247/2585/1 1273/2572/1
f 1249/2587/1 1248/2586/1 1273/2572/1
f 1250/2588/1 1249/2587/1 1273/2572/1
f 1251/2589/1 1250/2588/1 1273/2572/1
f 1252/2590/1 1251/2589/1 1273/2572/1
f 1233/2571/1 1252/2590/1 1273/2572/1
f 1253/2591/42 1254/2592/42 1274/2593/42
f 1254/2592/42 1255/2594/42 1274/2593/42
f 1255/2594/42 1256/2595/42 1274/2593/42
f 1256/2595/42 1257/2596/42 1274/2593/42
f 1257/2596/42 1258/2597/42 1274/2593/42
f 1258/2597/42 1259/2598/42 1274/2593/42
f 1259/2598/42 1260/2599/42 1274/2593/42
f 1260/2599/42 1261/2600/42 1274/2593/42
f 1261/2600/42 1262/2601/42 1274/2593/42
f 1262/2601/42 1263/2602/42 1274/2593/42
f 1263/2602/42 1264/2603/42 1274/2593/42
f 1264/2603/42 1265/2604/42 1274/2593/42
f 1265/2604/42 1266/2605/42 1274/2593/42
f 1266/2605/42 1267/2606/42 1274/2593/42
f 1267/2606/42 1268/2607/42 1274/2593/42
f 1268/2607/42 1269/2608/42 1274/2593/42
f 1269/2608/42 1270/2609/42 1274/2593/42
f 1270/2609/42 1271/2610/42 1274/2593/42
f 1271/2610/42 1272/2611/42 1274/2593/42
f 1272/2611/42 1253/2591/42 1274/2593/42
f 1275/2612/372 1276/2613/373 1296/2614/374 1295/2615/375
f 1276/2613/373 1277/2616/376 1297/2617/377 1296/2614/374
f 1277/2618/376 1278/2619/378 1298/2620/379 1297/2621/377
f 1278/2619/378 1279/2622/27 1299/2623/380 1298/2620/379
f 1279/2622/27 1280/2624/381 1300/2625/382 1299/2623/380
f 1280/2624/381 1281/2626/383 1301/2627/384 1300/2625/382
f 1281/2628/383 1282/2629/385 1302/2630/386 1301/2631/384
f 1282/2629/385 1283/2632/387 1303/2633/388 1302/2630/386
f 1283/2632/387 1284/2634/42 1304/2635/389 1303/2633/388
f 1284/2634/42 1285/2636/390 1305/2637/391 1304/2635/389
f 1285/2636/390 1286/2638/392 1306/2639/393 1305/2637/391
f 1286/2638/392 1287/2640/394 1307/2641/395 1306/2639/393
f 1287/2642/394 1288/2643/396 1308/2644/397 1307/2645/395
f 1288/2643/396 1289/2646/37 1309/2647/398 1308/2644/397
f 1289/2646/37 1290/2648/399 1310/2649/400 1309/2647/398
f 1290/2648/399 1291/2650/401 1311/2651/402 1310/2649/400
f 1291/2652/401 1292/2653/403 1312/2654/404 1311/2655/402
f 1292/2653/403 1293/2656/405 1313/2657/406 1312/2654/404
f 1293/2656/405 1294/2658/1 1314/2659/407 1313/2657/406
f 1294/2658/1 1275/2612/372 1295/2615/375 1314/2659/407
f 1295/2615/375 1296/2614/374 1316/2660/408 1315/2661/409
f 1296/2614/374 1297/2617/377 1317/2662/410 1316/2660/408
f 1297/2663/377 1298/2664/379 1318/2665/411 1317/2666/410
f 1298/2664/379 1299/2667/380 1319/2668/412 1318/2665/411
f 1299/2623/380 1300/2625/382 1320/2669/413 1319/2670/412
f 1300/2625/382 1301/2627/384 1321/2671/414 1320/2669/413
f 1301/2631/384 1302/2630/386 1322/2672/415 1321/2673/414
f 1302/2630/386 1303/2633/388 1323/2674/416 1322/2672/415
f 1303/2633/388 1304/2635/389 1324/2675/417 1323/2674/416
f 1304/2635/389 1305/2637/391 1325/2676/418 1324/2675/417
f 1305/2637/391 1306/2639/393 1326/2677/419 1325/2676/418
f 1306/2639/393 1307/2641/395 1327/2678/420 1326/2677/419
f 1307/2645/395 1308/2644/397 1328/2679/421 1327/2680/420
f 1308/2644/397 1309/2647/398 1329/2681/422 1328/2679/421
f 1309/2647/398 1310/2649/400 1330/2682/423 1329/2681/422
f 1310/2649/400 1311/2651/402 1331/2683/424 1330/2682/423
f 1311/2651/402 1312/2684/404 1332/2685/425 1331/2683/424
f 1312/2654/404 1313/2657/406 1333/2686/426 1332/2687/425
f 1313/2657/406 1314/2659/407 1334/2688/427 1333/2686/426
f 1314/2659/407 1295/2615/375 1315/2661/409 1334/2688/427
f 1315/2689/428 1316/2690/429 1336/2691/430 1335/2692/431
f 1316/2690/429 1317/2666/410 1337/2693/432 1336/2691/430
f 1317/2666/410 1318/2665/411 1338/2694/433 1337/2693/432
f 1318/2665/411 1319/2668/412 1339/2695/434 1338/2694/433
f 1319/2670/412 1320/2669/413 1340/2696/435 1339/2697/434
f 1320/2669/413 1321/2671/436 1341/2698/437 1340/2696/435
f 1321/2671/436 1322/2699/438 1342/2700/439 1341/2698/437
f 1322/2699/438 1323/2701/440 1343/2702/441 1342/2700/439
f 1323/2703/440 1324/2704/442 1344/2705/443 1343/2706/441
f 1324/2704/442 1325/2707/444 1345/2708/445 1344/2705/443
f 1325/2707/444 1326/2709/446 1346/2710/447 1345/2708/445
f 1326/2709/446 1327/2711/448 1347/2712/449 1346/2710/447
f 1327/2711/448 1328/2713/421 1348/2714/450 1347/2712/449
f 1328/2679/421 1329/2681/422 1349/2715/451 1348/2716/450
f 1329/2681/422 1330/2682/423 1350/2717/452 1349/2715/451
f 1330/2682/423 1331/2683/453 1351/2718/454 1350/2717/452
f 1331/2683/453 1332/2685/455 1352/2719/456 1351/2718/454
f 1332/2685/455 1333/2720/457 1353/2721/458 1352/2719/456
f 1333/2722/457 1334/2723/459 1354/2724/460 1353/2725/458
f 1334/2723/459 1315/2689/428 1335/2692/431 1354/2724/460
